{
"type": "FeatureCollection",
"name": "commerc_districts",
"crs": { "type": "name", "properties": { "name": "urn:ogc:def:crs:OGC:1.3:CRS84" } },
"features": [
{ "type": "Feature", "properties": { "fid": 1, "description": "Дегунино", "fill": "#ed4543", "fill-opacity": 0.6, "iconCaption": null, "marker-color": null, "stroke": "#ed4543", "stroke-width": "5", "stroke-opacity": 0.9, "Name": "Дегунино", "main": "0", "id": null, "auxiliary_storage_labeling_labelrotation": null, "auxiliary_storage_labeling_family": null, "auxiliary_storage_labeling_fontstyle": null, "auxiliary_storage_labeling_size": null, "auxiliary_storage_labeling_bold": null, "auxiliary_storage_labeling_italic": null, "auxiliary_storage_labeling_underline": null, "auxiliary_storage_labeling_color": null, "auxiliary_storage_labeling_strikeout": null, "auxiliary_storage_labeling_multilinealignment": null, "auxiliary_storage_labeling_buffersize": null, "auxiliary_storage_labeling_buffercolor": null, "auxiliary_storage_labeling_bufferdraw": null, "auxiliary_storage_labeling_labeldistance": null, "auxiliary_storage_labeling_hali": null, "auxiliary_storage_labeling_vali": null, "auxiliary_storage_labeling_scalevisibility": null, "auxiliary_storage_labeling_minscale": null, "auxiliary_storage_labeling_maxscale": null, "auxiliary_storage_labeling_alwaysshow": null, "auxiliary_storage_labeling_calloutdraw": null, "auxiliary_storage_labeling_labelallparts": null, "layer": "2026_деловые районы", "path": "C:/Users/shidlovskiyaf/YandexDisk/Аркадий/Карта офисов ит КРТ/Геоданные/2026_Офисы_и_Индастриал_03_02_2026_09_50_16.geojson|geometrytype=Polygon" }, "geometry": { "type": "MultiPolygon", "coordinates": [ [ [ [ 37.542684737174547, 55.860679479799778 ], [ 37.540410223929904, 55.859617502356521 ], [ 37.539745036094224, 55.859267526130772 ], [ 37.541118327109842, 55.858314126559677 ], [ 37.540796462028055, 55.858181372857196 ], [ 37.541311446158922, 55.85780724633581 ], [ 37.541654768912814, 55.857855520928936 ], [ 37.544229689567118, 55.856286565819246 ], [ 37.544100943534403, 55.856081390062471 ], [ 37.545517149894266, 55.855815866879823 ], [ 37.545624438254869, 55.856008974829727 ], [ 37.546332541434786, 55.855864143957653 ], [ 37.548306647269747, 55.856008974829727 ], [ 37.548134985892801, 55.856552085771774 ], [ 37.549722853629632, 55.856745190047334 ], [ 37.549014750449686, 55.857867589567817 ], [ 37.548242274253404, 55.857686559589411 ], [ 37.547426882712884, 55.857722765652852 ], [ 37.542684737174547, 55.860679479799778 ] ] ] ] } },
{ "type": "Feature", "properties": { "fid": 2, "description": "Границы Большого Сити", "fill": "#b51eff", "fill-opacity": 0.1, "iconCaption": null, "marker-color": null, "stroke": "#b51eff", "stroke-width": "3", "stroke-opacity": 0.9, "Name": "Большой Сити", "main": "1", "id": null, "auxiliary_storage_labeling_labelrotation": null, "auxiliary_storage_labeling_family": null, "auxiliary_storage_labeling_fontstyle": null, "auxiliary_storage_labeling_size": null, "auxiliary_storage_labeling_bold": null, "auxiliary_storage_labeling_italic": null, "auxiliary_storage_labeling_underline": null, "auxiliary_storage_labeling_color": null, "auxiliary_storage_labeling_strikeout": null, "auxiliary_storage_labeling_multilinealignment": null, "auxiliary_storage_labeling_buffersize": null, "auxiliary_storage_labeling_buffercolor": null, "auxiliary_storage_labeling_bufferdraw": null, "auxiliary_storage_labeling_labeldistance": null, "auxiliary_storage_labeling_hali": null, "auxiliary_storage_labeling_vali": null, "auxiliary_storage_labeling_scalevisibility": null, "auxiliary_storage_labeling_minscale": null, "auxiliary_storage_labeling_maxscale": null, "auxiliary_storage_labeling_alwaysshow": null, "auxiliary_storage_labeling_calloutdraw": null, "auxiliary_storage_labeling_labelallparts": null, "layer": "2026_деловые районы", "path": "C:/Users/shidlovskiyaf/YandexDisk/Аркадий/Карта офисов ит КРТ/Геоданные/2026_Офисы_и_Индастриал_03_02_2026_09_50_16.geojson|geometrytype=Polygon" }, "geometry": { "type": "MultiPolygon", "coordinates": [ [ [ [ 37.463582319519901, 55.760962305811958 ], [ 37.460063261292369, 55.757768078521039 ], [ 37.452338499329471, 55.753799127076057 ], [ 37.44066552569668, 55.751475650217877 ], [ 37.436717314026758, 55.749781360719801 ], [ 37.436373991272838, 55.747990174323611 ], [ 37.437833112976932, 55.746053663692301 ], [ 37.444699568055071, 55.742325608968251 ], [ 37.453196806214258, 55.740534078807372 ], [ 37.458260816834354, 55.741163544762493 ], [ 37.465985578797252, 55.743536055561847 ], [ 37.475255293152721, 55.749490903671401 ], [ 37.477229398987681, 55.75292783954179 ], [ 37.492764753601946, 55.752976244917555 ], [ 37.49346505615101, 55.752014812852956 ], [ 37.491662611692995, 55.750417364061654 ], [ 37.500074019163705, 55.741170233541659 ], [ 37.509295668542691, 55.737685861493574 ], [ 37.513121532148226, 55.736882397300974 ], [ 37.521361278241969, 55.736833971870475 ], [ 37.537315823566338, 55.740625430059858 ], [ 37.560596769125645, 55.748599743888853 ], [ 37.575891238814378, 55.752868466624108 ], [ 37.569539767867134, 55.754320603876067 ], [ 37.567738993520493, 55.754694933555285 ], [ 37.569627268666956, 55.75711501833824 ], [ 37.560271723623018, 55.756921417105168 ], [ 37.558812601918916, 55.756969817503922 ], [ 37.558297617788057, 55.759292965707608 ], [ 37.560700877065408, 55.763503317608595 ], [ 37.56138752257322, 55.765003447623457 ], [ 37.555465205068337, 55.770955005166101 ], [ 37.554263575429658, 55.775115714787027 ], [ 37.557868464345688, 55.779421095815543 ], [ 37.564906580800745, 55.785418807874471 ], [ 37.53641079222654, 55.798475135152643 ], [ 37.519416315908174, 55.80330969660762 ], [ 37.511004908437464, 55.805920109136345 ], [ 37.503280146474594, 55.799055314350582 ], [ 37.495898707265589, 55.795380699441758 ], [ 37.48456905638669, 55.788127148122321 ], [ 37.477874262685525, 55.776808899125527 ], [ 37.472037775869111, 55.768003533738231 ], [ 37.466544611806619, 55.765874464227849 ], [ 37.463582319519901, 55.760962305811958 ] ] ] ] } },
{ "type": "Feature", "properties": { "fid": 3, "description": "Кутузовский", "fill": "#ff931e", "fill-opacity": 0.2, "iconCaption": null, "marker-color": null, "stroke": "#ff931e", "stroke-width": "3", "stroke-opacity": 0.8, "Name": "Кутузовский", "main": "1", "id": null, "auxiliary_storage_labeling_labelrotation": null, "auxiliary_storage_labeling_family": null, "auxiliary_storage_labeling_fontstyle": null, "auxiliary_storage_labeling_size": null, "auxiliary_storage_labeling_bold": null, "auxiliary_storage_labeling_italic": null, "auxiliary_storage_labeling_underline": null, "auxiliary_storage_labeling_color": null, "auxiliary_storage_labeling_strikeout": null, "auxiliary_storage_labeling_multilinealignment": null, "auxiliary_storage_labeling_buffersize": null, "auxiliary_storage_labeling_buffercolor": null, "auxiliary_storage_labeling_bufferdraw": null, "auxiliary_storage_labeling_labeldistance": null, "auxiliary_storage_labeling_hali": null, "auxiliary_storage_labeling_vali": null, "auxiliary_storage_labeling_scalevisibility": null, "auxiliary_storage_labeling_minscale": null, "auxiliary_storage_labeling_maxscale": null, "auxiliary_storage_labeling_alwaysshow": null, "auxiliary_storage_labeling_calloutdraw": null, "auxiliary_storage_labeling_labelallparts": null, "layer": "2026_деловые районы", "path": "C:/Users/shidlovskiyaf/YandexDisk/Аркадий/Карта офисов ит КРТ/Геоданные/2026_Офисы_и_Индастриал_03_02_2026_09_50_16.geojson|geometrytype=Polygon" }, "geometry": { "type": "MultiPolygon", "coordinates": [ [ [ [ 37.535321082335528, 55.743898217260416 ], [ 37.532155679280635, 55.743484221275175 ], [ 37.524173425252293, 55.744888293956826 ], [ 37.519023583943721, 55.749681125349355 ], [ 37.51662032466637, 55.75384411513653 ], [ 37.515590356404637, 55.7565062584206 ], [ 37.511556314046238, 55.758684239930353 ], [ 37.50262992244469, 55.762168756283103 ], [ 37.500398324544335, 55.758393849459452 ], [ 37.505376504475961, 55.756119048926109 ], [ 37.502372430379296, 55.753214854619287 ], [ 37.507957613797686, 55.7511285295748 ], [ 37.465765199461188, 55.738785981066108 ], [ 37.449543199339111, 55.734911945710436 ], [ 37.44509801793172, 55.735107274868675 ], [ 37.440560357980026, 55.735461413778317 ], [ 37.441325873047745, 55.727237953534782 ], [ 37.448179315820326, 55.727324730238728 ], [ 37.45725861468064, 55.704262720535105 ], [ 37.458524093096671, 55.702120536250447 ], [ 37.459347441827553, 55.701201501854072 ], [ 37.461345511916456, 55.702296870144295 ], [ 37.463769583935019, 55.703685696684637 ], [ 37.468189067415885, 55.70625202606039 ], [ 37.46735735282261, 55.707835095296048 ], [ 37.469891327262339, 55.707467058142988 ], [ 37.472078123674436, 55.7093467482579 ], [ 37.473723802757192, 55.710149363127911 ], [ 37.473383860128294, 55.710802134642613 ], [ 37.474585489767051, 55.712837312860195 ], [ 37.473984674947708, 55.715114647938535 ], [ 37.478705362813919, 55.721267631183991 ], [ 37.496386484640091, 55.719184446644775 ], [ 37.498360590475052, 55.720831625049165 ], [ 37.505283794273417, 55.722821354257 ], [ 37.519360027183588, 55.728876247657453 ], [ 37.535667857994113, 55.734397488355263 ], [ 37.54141851412205, 55.734300631241631 ], [ 37.547255000938456, 55.728730941259386 ], [ 37.564936122764685, 55.737448363896711 ], [ 37.572231731285186, 55.744130397312134 ], [ 37.573090038169944, 55.747713043431467 ], [ 37.572489223350608, 55.750327198319319 ], [ 37.569567527037677, 55.752321802531249 ], [ 37.566820945006434, 55.752951077529254 ], [ 37.562443579894122, 55.752612238418799 ], [ 37.555147971373614, 55.75091799849644 ], [ 37.542616690856036, 55.745253860042865 ], [ 37.535321082335528, 55.743898217260416 ] ] ] ] } },
{ "type": "Feature", "properties": { "fid": 4, "description": "Ленинградский коридор", "fill": "#f371d1", "fill-opacity": 0.3, "iconCaption": null, "marker-color": null, "stroke": "#f371d1", "stroke-width": "3", "stroke-opacity": 0.9, "Name": "Ленинградский коридор", "main": "1", "id": null, "auxiliary_storage_labeling_labelrotation": null, "auxiliary_storage_labeling_family": null, "auxiliary_storage_labeling_fontstyle": null, "auxiliary_storage_labeling_size": null, "auxiliary_storage_labeling_bold": null, "auxiliary_storage_labeling_italic": null, "auxiliary_storage_labeling_underline": null, "auxiliary_storage_labeling_color": null, "auxiliary_storage_labeling_strikeout": null, "auxiliary_storage_labeling_multilinealignment": null, "auxiliary_storage_labeling_buffersize": null, "auxiliary_storage_labeling_buffercolor": null, "auxiliary_storage_labeling_bufferdraw": null, "auxiliary_storage_labeling_labeldistance": null, "auxiliary_storage_labeling_hali": null, "auxiliary_storage_labeling_vali": null, "auxiliary_storage_labeling_scalevisibility": null, "auxiliary_storage_labeling_minscale": null, "auxiliary_storage_labeling_maxscale": null, "auxiliary_storage_labeling_alwaysshow": null, "auxiliary_storage_labeling_calloutdraw": null, "auxiliary_storage_labeling_labelallparts": null, "layer": "2026_деловые районы", "path": "C:/Users/shidlovskiyaf/YandexDisk/Аркадий/Карта офисов ит КРТ/Геоданные/2026_Офисы_и_Индастриал_03_02_2026_09_50_16.geojson|geometrytype=Polygon" }, "geometry": { "type": "MultiPolygon", "coordinates": [ [ [ [ 37.574546075162601, 55.775496888803914 ], [ 37.577979302701664, 55.775883905089344 ], [ 37.582270837125499, 55.777964051466242 ], [ 37.585189080533695, 55.780624541293527 ], [ 37.586819863614764, 55.785122772745147 ], [ 37.573516106900875, 55.790200794377661 ], [ 37.572657800016117, 55.790684380804088 ], [ 37.574243223257014, 55.791665391633288 ], [ 37.569479620046543, 55.791568677274022 ], [ 37.569265043325359, 55.793019367341188 ], [ 37.562184011526043, 55.796355748577923 ], [ 37.564501440114917, 55.796935959493204 ], [ 37.556746252343544, 55.803984243478475 ], [ 37.534945257470497, 55.815391220079093 ], [ 37.519667394921676, 55.815777838424907 ], [ 37.515143968564864, 55.815988396649544 ], [ 37.515830614072676, 55.817341523131248 ], [ 37.519521333677176, 55.821352299005753 ], [ 37.514285661680105, 55.827391840675624 ], [ 37.515401460630308, 55.827633402757307 ], [ 37.51257529254967, 55.828985139769614 ], [ 37.503994696717712, 55.82731710276348 ], [ 37.500331848360666, 55.826229846035289 ], [ 37.49695097365597, 55.825841027543852 ], [ 37.493345700357764, 55.824489399940404 ], [ 37.509158003597967, 55.805956399357086 ], [ 37.537080394392376, 55.798150671233401 ], [ 37.564983090666004, 55.785598065644159 ], [ 37.546305212660229, 55.773307072800065 ], [ 37.554714513202747, 55.773881080143063 ], [ 37.558131357667541, 55.774071322626476 ], [ 37.561381898253771, 55.774322795760938 ], [ 37.568784104387696, 55.775033073038159 ], [ 37.574546075162601, 55.775496888803914 ] ] ] ] } },
{ "type": "Feature", "properties": { "fid": 5, "description": "Дмитровский (выделяем под Лавин)", "fill": "#595959", "fill-opacity": 0.2, "iconCaption": null, "marker-color": null, "stroke": "#b3b3b3", "stroke-width": "3", "stroke-opacity": 0.9, "Name": "Дмитровское шоссе", "main": "0", "id": null, "auxiliary_storage_labeling_labelrotation": null, "auxiliary_storage_labeling_family": null, "auxiliary_storage_labeling_fontstyle": null, "auxiliary_storage_labeling_size": null, "auxiliary_storage_labeling_bold": null, "auxiliary_storage_labeling_italic": null, "auxiliary_storage_labeling_underline": null, "auxiliary_storage_labeling_color": null, "auxiliary_storage_labeling_strikeout": null, "auxiliary_storage_labeling_multilinealignment": null, "auxiliary_storage_labeling_buffersize": null, "auxiliary_storage_labeling_buffercolor": null, "auxiliary_storage_labeling_bufferdraw": null, "auxiliary_storage_labeling_labeldistance": null, "auxiliary_storage_labeling_hali": null, "auxiliary_storage_labeling_vali": null, "auxiliary_storage_labeling_scalevisibility": null, "auxiliary_storage_labeling_minscale": null, "auxiliary_storage_labeling_maxscale": null, "auxiliary_storage_labeling_alwaysshow": null, "auxiliary_storage_labeling_calloutdraw": null, "auxiliary_storage_labeling_labelallparts": null, "layer": "2026_деловые районы", "path": "C:/Users/shidlovskiyaf/YandexDisk/Аркадий/Карта офисов ит КРТ/Геоданные/2026_Офисы_и_Индастриал_03_02_2026_09_50_16.geojson|geometrytype=Polygon" }, "geometry": { "type": "MultiPolygon", "coordinates": [ [ [ [ 37.543671133096055, 55.898443827281227 ], [ 37.543156148965139, 55.898154482706595 ], [ 37.530882360513004, 55.899263624968988 ], [ 37.522299291665348, 55.894537493225464 ], [ 37.511656286294233, 55.889135491837287 ], [ 37.525217535073544, 55.874758631343035 ], [ 37.519810201699528, 55.872442395392348 ], [ 37.512943746621389, 55.867085568332229 ], [ 37.522814275796193, 55.862838187106185 ], [ 37.532770635659496, 55.857624854492109 ], [ 37.546160223061825, 55.852603944251008 ], [ 37.55920648771027, 55.844298701317975 ], [ 37.570621969277646, 55.837247503557492 ], [ 37.552168371255185, 55.833866336798245 ], [ 37.550237180764462, 55.83558110826327 ], [ 37.548305990273789, 55.835460352207619 ], [ 37.570621969277695, 55.808111483190935 ], [ 37.574913503701509, 55.808981532454254 ], [ 37.581436636025728, 55.812268208981685 ], [ 37.600319387490579, 55.814008101369851 ], [ 37.59379625516636, 55.818357490603951 ], [ 37.597744466836282, 55.820870248539066 ], [ 37.58057832914097, 55.832465481233001 ], [ 37.58057832914097, 55.838744783086696 ], [ 37.575943471963242, 55.844443575490779 ], [ 37.575085165078455, 55.854776533466527 ], [ 37.575428487832376, 55.861341839477824 ], [ 37.569077016885103, 55.874951644781092 ], [ 37.566330434853853, 55.892511831251653 ], [ 37.544357778603867, 55.900517399659861 ], [ 37.543413641030661, 55.900758505503418 ], [ 37.543156148965217, 55.898926063354914 ], [ 37.543671133096055, 55.898443827281227 ] ] ] ] } },
{ "type": "Feature", "properties": { "fid": 6, "description": "Белорусский", "fill": "#177bc9", "fill-opacity": 0.2, "iconCaption": null, "marker-color": null, "stroke": "#177bc9", "stroke-width": "3", "stroke-opacity": 0.9, "Name": "Белорусский", "main": "1", "id": null, "auxiliary_storage_labeling_labelrotation": null, "auxiliary_storage_labeling_family": null, "auxiliary_storage_labeling_fontstyle": null, "auxiliary_storage_labeling_size": null, "auxiliary_storage_labeling_bold": null, "auxiliary_storage_labeling_italic": null, "auxiliary_storage_labeling_underline": null, "auxiliary_storage_labeling_color": null, "auxiliary_storage_labeling_strikeout": null, "auxiliary_storage_labeling_multilinealignment": null, "auxiliary_storage_labeling_buffersize": null, "auxiliary_storage_labeling_buffercolor": null, "auxiliary_storage_labeling_bufferdraw": null, "auxiliary_storage_labeling_labeldistance": null, "auxiliary_storage_labeling_hali": null, "auxiliary_storage_labeling_vali": null, "auxiliary_storage_labeling_scalevisibility": null, "auxiliary_storage_labeling_minscale": null, "auxiliary_storage_labeling_maxscale": null, "auxiliary_storage_labeling_alwaysshow": null, "auxiliary_storage_labeling_calloutdraw": null, "auxiliary_storage_labeling_labelallparts": null, "layer": "2026_деловые районы", "path": "C:/Users/shidlovskiyaf/YandexDisk/Аркадий/Карта офисов ит КРТ/Геоданные/2026_Офисы_и_Индастриал_03_02_2026_09_50_16.geojson|geometrytype=Polygon" }, "geometry": { "type": "MultiPolygon", "coordinates": [ [ [ [ 37.579433385061741, 55.768827099826289 ], [ 37.584583226370263, 55.768585171115966 ], [ 37.589647236990466, 55.771875272307035 ], [ 37.599689427542216, 55.777825776357894 ], [ 37.587494158285132, 55.785153801825309 ], [ 37.58530913147569, 55.785407718493282 ], [ 37.581064168142809, 55.78711254451342 ], [ 37.580506268667705, 55.787185088632683 ], [ 37.572695676016338, 55.790691226304858 ], [ 37.564670506643786, 55.785323079809679 ], [ 37.56140894048162, 55.78237270100054 ], [ 37.560293141531417, 55.781598794000587 ], [ 37.558834019827323, 55.7803895334131 ], [ 37.554370824026535, 55.774995772328978 ], [ 37.555744115042209, 55.770714091946296 ], [ 37.579433385061741, 55.768827099826289 ] ] ] ] } },
{ "type": "Feature", "properties": { "fid": 7, "description": "Савеловский", "fill": "#1bad03", "fill-opacity": 0.1, "iconCaption": null, "marker-color": null, "stroke": "#1bad03", "stroke-width": "3", "stroke-opacity": 0.9, "Name": "Савеловский", "main": "1", "id": null, "auxiliary_storage_labeling_labelrotation": null, "auxiliary_storage_labeling_family": null, "auxiliary_storage_labeling_fontstyle": null, "auxiliary_storage_labeling_size": null, "auxiliary_storage_labeling_bold": null, "auxiliary_storage_labeling_italic": null, "auxiliary_storage_labeling_underline": null, "auxiliary_storage_labeling_color": null, "auxiliary_storage_labeling_strikeout": null, "auxiliary_storage_labeling_multilinealignment": null, "auxiliary_storage_labeling_buffersize": null, "auxiliary_storage_labeling_buffercolor": null, "auxiliary_storage_labeling_bufferdraw": null, "auxiliary_storage_labeling_labeldistance": null, "auxiliary_storage_labeling_hali": null, "auxiliary_storage_labeling_vali": null, "auxiliary_storage_labeling_scalevisibility": null, "auxiliary_storage_labeling_minscale": null, "auxiliary_storage_labeling_maxscale": null, "auxiliary_storage_labeling_alwaysshow": null, "auxiliary_storage_labeling_calloutdraw": null, "auxiliary_storage_labeling_labelallparts": null, "layer": "2026_деловые районы", "path": "C:/Users/shidlovskiyaf/YandexDisk/Аркадий/Карта офисов ит КРТ/Геоданные/2026_Офисы_и_Индастриал_03_02_2026_09_50_16.geojson|geometrytype=Polygon" }, "geometry": { "type": "MultiPolygon", "coordinates": [ [ [ [ 37.601271717943249, 55.804566100640415 ], [ 37.598994142857755, 55.805483751666301 ], [ 37.596003724980463, 55.813315168503912 ], [ 37.587057863231998, 55.812545336722373 ], [ 37.582008986745315, 55.812035075650975 ], [ 37.578232436452339, 55.809473409848685 ], [ 37.570293097768257, 55.80799916692002 ], [ 37.555616050038722, 55.805582253923696 ], [ 37.552697806630533, 55.805533914126926 ], [ 37.557250384048892, 55.803355945601545 ], [ 37.56446016188093, 55.796829153001845 ], [ 37.562314394669016, 55.796297291862842 ], [ 37.569438341812578, 55.792864194467988 ], [ 37.569775732550603, 55.791502180668026 ], [ 37.575698050055486, 55.791743966528578 ], [ 37.572654058645782, 55.790611521339855 ], [ 37.580593397329856, 55.787105376469249 ], [ 37.585626811285415, 55.78533007531874 ], [ 37.590356542473764, 55.784905491365159 ], [ 37.600699140435196, 55.787783134689867 ], [ 37.60018415630433, 55.789209786262077 ], [ 37.599225758914123, 55.792689179643517 ], [ 37.595663300077582, 55.792217199901629 ], [ 37.588976920531564, 55.792571984328113 ], [ 37.596935846739804, 55.792112709225449 ], [ 37.604943458577495, 55.792966549515882 ], [ 37.604709556748183, 55.794775351016426 ], [ 37.608233377666885, 55.795622241704201 ], [ 37.605918256851112, 55.80594380229298 ], [ 37.601271717943249, 55.804566100640415 ] ] ] ] } },
{ "type": "Feature", "properties": { "fid": 8, "description": "ММДЦ Москва-Сити", "fill": "#177bc9", "fill-opacity": 0.2, "iconCaption": null, "marker-color": null, "stroke": "#177bc9", "stroke-width": "3", "stroke-opacity": 0.9, "Name": "ММДЦ Москва-Сити", "main": "1", "id": null, "auxiliary_storage_labeling_labelrotation": null, "auxiliary_storage_labeling_family": null, "auxiliary_storage_labeling_fontstyle": null, "auxiliary_storage_labeling_size": null, "auxiliary_storage_labeling_bold": null, "auxiliary_storage_labeling_italic": null, "auxiliary_storage_labeling_underline": null, "auxiliary_storage_labeling_color": null, "auxiliary_storage_labeling_strikeout": null, "auxiliary_storage_labeling_multilinealignment": null, "auxiliary_storage_labeling_buffersize": null, "auxiliary_storage_labeling_buffercolor": null, "auxiliary_storage_labeling_bufferdraw": null, "auxiliary_storage_labeling_labeldistance": null, "auxiliary_storage_labeling_hali": null, "auxiliary_storage_labeling_vali": null, "auxiliary_storage_labeling_scalevisibility": null, "auxiliary_storage_labeling_minscale": null, "auxiliary_storage_labeling_maxscale": null, "auxiliary_storage_labeling_alwaysshow": null, "auxiliary_storage_labeling_calloutdraw": null, "auxiliary_storage_labeling_labelallparts": null, "layer": "2026_деловые районы", "path": "C:/Users/shidlovskiyaf/YandexDisk/Аркадий/Карта офисов ит КРТ/Геоданные/2026_Офисы_и_Индастриал_03_02_2026_09_50_16.geojson|geometrytype=Polygon" }, "geometry": { "type": "MultiPolygon", "coordinates": [ [ [ [ 37.533045424710522, 55.745456074050217 ], [ 37.536280912659684, 55.745690557272034 ], [ 37.539499563477563, 55.746416766857621 ], [ 37.546151441834489, 55.748813162181989 ], [ 37.550400060914072, 55.751015779016093 ], [ 37.54735307147314, 55.753992743943158 ], [ 37.537894858609434, 55.751483238766291 ], [ 37.531800879727605, 55.75346788351812 ], [ 37.531200064908269, 55.751628460113473 ], [ 37.533045424710522, 55.745456074050217 ] ] ] ] } },
{ "type": "Feature", "properties": { "fid": 9, "description": "Басманный - Таганский ЦДР - перспективный", "fill": "#e6761b", "fill-opacity": 0.1, "iconCaption": null, "marker-color": null, "stroke": "#e6761b", "stroke-width": "3", "stroke-opacity": 0.9, "Name": "Басманный - Таганский ЦДР", "main": "0", "id": null, "auxiliary_storage_labeling_labelrotation": null, "auxiliary_storage_labeling_family": null, "auxiliary_storage_labeling_fontstyle": null, "auxiliary_storage_labeling_size": null, "auxiliary_storage_labeling_bold": null, "auxiliary_storage_labeling_italic": null, "auxiliary_storage_labeling_underline": null, "auxiliary_storage_labeling_color": null, "auxiliary_storage_labeling_strikeout": null, "auxiliary_storage_labeling_multilinealignment": null, "auxiliary_storage_labeling_buffersize": null, "auxiliary_storage_labeling_buffercolor": null, "auxiliary_storage_labeling_bufferdraw": null, "auxiliary_storage_labeling_labeldistance": null, "auxiliary_storage_labeling_hali": null, "auxiliary_storage_labeling_vali": null, "auxiliary_storage_labeling_scalevisibility": null, "auxiliary_storage_labeling_minscale": null, "auxiliary_storage_labeling_maxscale": null, "auxiliary_storage_labeling_alwaysshow": null, "auxiliary_storage_labeling_calloutdraw": null, "auxiliary_storage_labeling_labelallparts": null, "layer": "2026_деловые районы", "path": "C:/Users/shidlovskiyaf/YandexDisk/Аркадий/Карта офисов ит КРТ/Геоданные/2026_Офисы_и_Индастриал_03_02_2026_09_50_16.geojson|geometrytype=Polygon" }, "geometry": { "type": "MultiPolygon", "coordinates": [ [ [ [ 37.656500833613087, 55.764228613989474 ], [ 37.651540619054273, 55.739317369772898 ], [ 37.658060365488986, 55.760604774640974 ], [ 37.6566773278645, 55.752139223242317 ], [ 37.655762829665782, 55.746285824803763 ], [ 37.654499081230824, 55.741327573936552 ], [ 37.647749769856112, 55.737929701782548 ], [ 37.651156175305189, 55.73160378953677 ], [ 37.658081638981827, 55.726390948496537 ], [ 37.663006174732857, 55.726717906808794 ], [ 37.661239940096557, 55.730579137004383 ], [ 37.66687995510263, 55.731540979251726 ], [ 37.670736133475728, 55.725896532338155 ], [ 37.678371963445905, 55.727360935687578 ], [ 37.67897122761314, 55.728068898495493 ], [ 37.681330796220202, 55.728495528907665 ], [ 37.681480612261986, 55.729047889968143 ], [ 37.683529626117867, 55.729251415261167 ], [ 37.683996233570696, 55.730031258532641 ], [ 37.685645743656991, 55.730154789410506 ], [ 37.685354699749887, 55.73283188682008 ], [ 37.687642282706186, 55.732060324663799 ], [ 37.690015696351054, 55.730562254869881 ], [ 37.69208870258624, 55.729500041165913 ], [ 37.693517978657802, 55.729212765468027 ], [ 37.698483753372848, 55.735795956479684 ], [ 37.692509466679603, 55.74039708697326 ], [ 37.68850928582134, 55.745046088011648 ], [ 37.683684659578425, 55.748001026639422 ], [ 37.675306111945538, 55.749728466174311 ], [ 37.670593639038756, 55.750656501642652 ], [ 37.673348436029499, 55.752746267499028 ], [ 37.673399566333181, 55.754085666741481 ], [ 37.671304929424984, 55.757699860993853 ], [ 37.67196475284269, 55.759000574665414 ], [ 37.675172674824381, 55.75918206614039 ], [ 37.680451262165846, 55.758843281383591 ], [ 37.684571135212913, 55.760295195253846 ], [ 37.686429995743708, 55.763828979855695 ], [ 37.688246544220064, 55.767531032792611 ], [ 37.692208859908298, 55.769394150709743 ], [ 37.697215247876606, 55.766733401354372 ], [ 37.704117174700023, 55.770413819827496 ], [ 37.71385945318427, 55.775325990348975 ], [ 37.710126313577767, 55.779124981830812 ], [ 37.706436584657681, 55.780917821070354 ], [ 37.703347560386149, 55.781601179577223 ], [ 37.699314398541418, 55.78218778829892 ], [ 37.687575209309557, 55.782212496555807 ], [ 37.679079225118635, 55.777624704312323 ], [ 37.675990574301274, 55.778744830278718 ], [ 37.667408759421832, 55.774422711329727 ], [ 37.664426769981418, 55.773313750540481 ], [ 37.663096707802062, 55.769753491601087 ], [ 37.659728166771437, 55.769737229280551 ], [ 37.653928467624219, 55.769548553642181 ], [ 37.648855079108309, 55.768764805074518 ], [ 37.656500833613087, 55.764228613989474 ] ] ] ] } },
{ "type": "Feature", "properties": { "fid": 10, "description": "Павелецкий", "fill": "#ffd21e", "fill-opacity": 0.2, "iconCaption": null, "marker-color": null, "stroke": "#ffd21e", "stroke-width": "3", "stroke-opacity": 0.9, "Name": "Павелецкий", "main": "1", "id": null, "auxiliary_storage_labeling_labelrotation": null, "auxiliary_storage_labeling_family": null, "auxiliary_storage_labeling_fontstyle": null, "auxiliary_storage_labeling_size": null, "auxiliary_storage_labeling_bold": null, "auxiliary_storage_labeling_italic": null, "auxiliary_storage_labeling_underline": null, "auxiliary_storage_labeling_color": null, "auxiliary_storage_labeling_strikeout": null, "auxiliary_storage_labeling_multilinealignment": null, "auxiliary_storage_labeling_buffersize": null, "auxiliary_storage_labeling_buffercolor": null, "auxiliary_storage_labeling_bufferdraw": null, "auxiliary_storage_labeling_labeldistance": null, "auxiliary_storage_labeling_hali": null, "auxiliary_storage_labeling_vali": null, "auxiliary_storage_labeling_scalevisibility": null, "auxiliary_storage_labeling_minscale": null, "auxiliary_storage_labeling_maxscale": null, "auxiliary_storage_labeling_alwaysshow": null, "auxiliary_storage_labeling_calloutdraw": null, "auxiliary_storage_labeling_labelallparts": null, "layer": "2026_деловые районы", "path": "C:/Users/shidlovskiyaf/YandexDisk/Аркадий/Карта офисов ит КРТ/Геоданные/2026_Офисы_и_Индастриал_03_02_2026_09_50_16.geojson|geometrytype=Polygon" }, "geometry": { "type": "MultiPolygon", "coordinates": [ [ [ [ 37.633582341840054, 55.734385439067694 ], [ 37.625342595746289, 55.733610575160299 ], [ 37.624193127828903, 55.733592836306897 ], [ 37.62316315956717, 55.729912020119443 ], [ 37.627025540548615, 55.723469753081261 ], [ 37.627798016744904, 55.719158166171709 ], [ 37.644363339620874, 55.716977968356147 ], [ 37.647350394421785, 55.716621819810065 ], [ 37.648173558881062, 55.718400744509879 ], [ 37.652808416058797, 55.720144848734755 ], [ 37.65581249015549, 55.722470199364992 ], [ 37.656327474286329, 55.724407885340398 ], [ 37.65546916740157, 55.726587666646367 ], [ 37.653666722943555, 55.72789547677278 ], [ 37.64980434196211, 55.730462531681745 ], [ 37.647315251996304, 55.733707433993494 ], [ 37.644911992718953, 55.738840606771461 ], [ 37.633582341840054, 55.734385439067694 ] ] ] ] } },
{ "type": "Feature", "properties": { "fid": 11, "description": "Калужский", "fill": "#97a100", "fill-opacity": 0.2, "iconCaption": null, "marker-color": null, "stroke": "#97a100", "stroke-width": "3", "stroke-opacity": 0.9, "Name": "Калужский", "main": "0", "id": null, "auxiliary_storage_labeling_labelrotation": null, "auxiliary_storage_labeling_family": null, "auxiliary_storage_labeling_fontstyle": null, "auxiliary_storage_labeling_size": null, "auxiliary_storage_labeling_bold": null, "auxiliary_storage_labeling_italic": null, "auxiliary_storage_labeling_underline": null, "auxiliary_storage_labeling_color": null, "auxiliary_storage_labeling_strikeout": null, "auxiliary_storage_labeling_multilinealignment": null, "auxiliary_storage_labeling_buffersize": null, "auxiliary_storage_labeling_buffercolor": null, "auxiliary_storage_labeling_bufferdraw": null, "auxiliary_storage_labeling_labeldistance": null, "auxiliary_storage_labeling_hali": null, "auxiliary_storage_labeling_vali": null, "auxiliary_storage_labeling_scalevisibility": null, "auxiliary_storage_labeling_minscale": null, "auxiliary_storage_labeling_maxscale": null, "auxiliary_storage_labeling_alwaysshow": null, "auxiliary_storage_labeling_calloutdraw": null, "auxiliary_storage_labeling_labelallparts": null, "layer": "2026_деловые районы", "path": "C:/Users/shidlovskiyaf/YandexDisk/Аркадий/Карта офисов ит КРТ/Геоданные/2026_Офисы_и_Индастриал_03_02_2026_09_50_16.geojson|geometrytype=Polygon" }, "geometry": { "type": "MultiPolygon", "coordinates": [ [ [ [ 37.525863555694258, 55.667160199339754 ], [ 37.52655020120207, 55.664152324445375 ], [ 37.524146941924741, 55.661241256710149 ], [ 37.519597915435483, 55.658184401559311 ], [ 37.525091079497976, 55.656971297356243 ], [ 37.51290312173429, 55.647701935138251 ], [ 37.543630508208885, 55.638090531475733 ], [ 37.548694518828952, 55.640712058282922 ], [ 37.558479217315288, 55.643867366144832 ], [ 37.56405821206625, 55.649546277043619 ], [ 37.57092466714434, 55.656922772378245 ], [ 37.542314702965939, 55.666865605316225 ], [ 37.540340597130978, 55.665167627119402 ], [ 37.535877401330211, 55.664730992197178 ], [ 37.531156713464007, 55.664439899531061 ], [ 37.525863555694258, 55.667160199339754 ] ] ] ] } },
{ "type": "Feature", "properties": { "fid": 12, "description": "Даниловский", "fill": "#ff931e", "fill-opacity": 0.1, "iconCaption": null, "marker-color": null, "stroke": "#ff931e", "stroke-width": "3", "stroke-opacity": 0.9, "Name": "Даниловский", "main": "0", "id": null, "auxiliary_storage_labeling_labelrotation": null, "auxiliary_storage_labeling_family": null, "auxiliary_storage_labeling_fontstyle": null, "auxiliary_storage_labeling_size": null, "auxiliary_storage_labeling_bold": null, "auxiliary_storage_labeling_italic": null, "auxiliary_storage_labeling_underline": null, "auxiliary_storage_labeling_color": null, "auxiliary_storage_labeling_strikeout": null, "auxiliary_storage_labeling_multilinealignment": null, "auxiliary_storage_labeling_buffersize": null, "auxiliary_storage_labeling_buffercolor": null, "auxiliary_storage_labeling_bufferdraw": null, "auxiliary_storage_labeling_labeldistance": null, "auxiliary_storage_labeling_hali": null, "auxiliary_storage_labeling_vali": null, "auxiliary_storage_labeling_scalevisibility": null, "auxiliary_storage_labeling_minscale": null, "auxiliary_storage_labeling_maxscale": null, "auxiliary_storage_labeling_alwaysshow": null, "auxiliary_storage_labeling_calloutdraw": null, "auxiliary_storage_labeling_labelallparts": null, "layer": "2026_деловые районы", "path": "C:/Users/shidlovskiyaf/YandexDisk/Аркадий/Карта офисов ит КРТ/Геоданные/2026_Офисы_и_Индастриал_03_02_2026_09_50_16.geojson|geometrytype=Polygon" }, "geometry": { "type": "MultiPolygon", "coordinates": [ [ [ [ 37.627580920124466, 55.719003123162445 ], [ 37.626838501754321, 55.721439815573916 ], [ 37.611045655074633, 55.721342926173207 ], [ 37.606048281739845, 55.7149549769724 ], [ 37.607593234132437, 55.710206320735892 ], [ 37.614631350587494, 55.70487550586143 ], [ 37.62115448291172, 55.702839911135818 ], [ 37.617034609864852, 55.699737847740785 ], [ 37.616004641603119, 55.694211684801971 ], [ 37.620124514650016, 55.684708728352241 ], [ 37.622184451173446, 55.6749124378197 ], [ 37.632140811036727, 55.675203452254436 ], [ 37.633170779298432, 55.680053372771113 ], [ 37.649306948732033, 55.678307470952291 ], [ 37.664241488526962, 55.681217263838739 ], [ 37.665443118165641, 55.690915003498354 ], [ 37.667935395728122, 55.706854323593888 ], [ 37.664673829566013, 55.716642579470616 ], [ 37.66192631587046, 55.716556056059297 ], [ 37.647493639851021, 55.71658066394356 ], [ 37.627580920124466, 55.719003123162445 ] ] ] ] } },
{ "type": "Feature", "properties": { "fid": 13, "description": "Северо-Западный (предложение Жени и Артема)\nПерспективный", "fill": "#ffd21e", "fill-opacity": 0.2, "iconCaption": null, "marker-color": null, "stroke": "#ffd21e", "stroke-width": "3", "stroke-opacity": 0.9, "Name": "Северо-Западный", "main": "0", "id": null, "auxiliary_storage_labeling_labelrotation": null, "auxiliary_storage_labeling_family": null, "auxiliary_storage_labeling_fontstyle": null, "auxiliary_storage_labeling_size": null, "auxiliary_storage_labeling_bold": null, "auxiliary_storage_labeling_italic": null, "auxiliary_storage_labeling_underline": null, "auxiliary_storage_labeling_color": null, "auxiliary_storage_labeling_strikeout": null, "auxiliary_storage_labeling_multilinealignment": null, "auxiliary_storage_labeling_buffersize": null, "auxiliary_storage_labeling_buffercolor": null, "auxiliary_storage_labeling_bufferdraw": null, "auxiliary_storage_labeling_labeldistance": null, "auxiliary_storage_labeling_hali": null, "auxiliary_storage_labeling_vali": null, "auxiliary_storage_labeling_scalevisibility": null, "auxiliary_storage_labeling_minscale": null, "auxiliary_storage_labeling_maxscale": null, "auxiliary_storage_labeling_alwaysshow": null, "auxiliary_storage_labeling_calloutdraw": null, "auxiliary_storage_labeling_labelallparts": null, "layer": "2026_деловые районы", "path": "C:/Users/shidlovskiyaf/YandexDisk/Аркадий/Карта офисов ит КРТ/Геоданные/2026_Офисы_и_Индастриал_03_02_2026_09_50_16.geojson|geometrytype=Polygon" }, "geometry": { "type": "MultiPolygon", "coordinates": [ [ [ [ 37.345267591552513, 55.769143810265263 ], [ 37.352576100964342, 55.773123809472956 ], [ 37.352576100964342, 55.777284286606751 ], [ 37.360558354992634, 55.784249668312128 ], [ 37.372145497937005, 55.787925337901754 ], [ 37.391199910778802, 55.784830060363682 ], [ 37.399954641003404, 55.775639500131867 ], [ 37.409567678112786, 55.772059429738192 ], [ 37.421412313122552, 55.772252955499688 ], [ 37.436175191540514, 55.773317329940085 ], [ 37.451951827737958, 55.778919499065914 ], [ 37.452385144244595, 55.777208407726235 ], [ 37.455881394198101, 55.775055198325013 ], [ 37.464060203622211, 55.768428814453188 ], [ 37.468970064868358, 55.767460149358264 ], [ 37.472037775869111, 55.768003533738231 ], [ 37.484859743653445, 55.787980882076482 ], [ 37.480930107911071, 55.788756325238928 ], [ 37.475192028031103, 55.789028595983396 ], [ 37.466011027186973, 55.790081626814313 ], [ 37.455172690094827, 55.792967027306354 ], [ 37.446366627022449, 55.79374866338285 ], [ 37.44763245083368, 55.804819194423132 ], [ 37.446088921299015, 55.806706859533378 ], [ 37.445635135450139, 55.809050987566557 ], [ 37.446414361265234, 55.810914699256188 ], [ 37.453028756772895, 55.819374789710807 ], [ 37.476662620106175, 55.814170063455173 ], [ 37.482327445545636, 55.8160065241143 ], [ 37.487133964100316, 55.81513663254556 ], [ 37.486275657215558, 55.818906021646399 ], [ 37.489880546131559, 55.822675044079851 ], [ 37.484559043446019, 55.829728895517057 ], [ 37.476662620106175, 55.828859312020157 ], [ 37.471512778797575, 55.83378669369381 ], [ 37.465504630604222, 55.836491656278504 ], [ 37.455204947987021, 55.835912037345778 ], [ 37.452458365955778, 55.837361068415809 ], [ 37.429112418690167, 55.838713448484249 ], [ 37.417782767811239, 55.841031704419606 ], [ 37.411946280994854, 55.840645338070253 ], [ 37.400616630115927, 55.841418066913064 ], [ 37.394436820545629, 55.839679405327168 ], [ 37.397781762273915, 55.832951077075663 ], [ 37.394005211980939, 55.833723959486882 ], [ 37.370574743761843, 55.828792637494658 ], [ 37.357528479113405, 55.817582905533378 ], [ 37.352035315050912, 55.816036481044733 ], [ 37.322509558214968, 55.803276124020165 ], [ 37.324250854879416, 55.793246880286347 ], [ 37.326151471473381, 55.788618174890964 ], [ 37.315085483383626, 55.787270879069503 ], [ 37.327405272541867, 55.78156708996476 ], [ 37.32412379138858, 55.776876653344651 ], [ 37.332515283868105, 55.77218564975378 ], [ 37.345267591552513, 55.769143810265263 ] ] ] ] } },
{ "type": "Feature", "properties": { "fid": 14, "description": "Ленинский", "fill": "#1bad03", "fill-opacity": 0.25, "iconCaption": null, "marker-color": null, "stroke": "#1bad03", "stroke-width": "3", "stroke-opacity": 0.9, "Name": "Ленинский", "main": "1", "id": null, "auxiliary_storage_labeling_labelrotation": null, "auxiliary_storage_labeling_family": null, "auxiliary_storage_labeling_fontstyle": null, "auxiliary_storage_labeling_size": null, "auxiliary_storage_labeling_bold": null, "auxiliary_storage_labeling_italic": null, "auxiliary_storage_labeling_underline": null, "auxiliary_storage_labeling_color": null, "auxiliary_storage_labeling_strikeout": null, "auxiliary_storage_labeling_multilinealignment": null, "auxiliary_storage_labeling_buffersize": null, "auxiliary_storage_labeling_buffercolor": null, "auxiliary_storage_labeling_bufferdraw": null, "auxiliary_storage_labeling_labeldistance": null, "auxiliary_storage_labeling_hali": null, "auxiliary_storage_labeling_vali": null, "auxiliary_storage_labeling_scalevisibility": null, "auxiliary_storage_labeling_minscale": null, "auxiliary_storage_labeling_maxscale": null, "auxiliary_storage_labeling_alwaysshow": null, "auxiliary_storage_labeling_calloutdraw": null, "auxiliary_storage_labeling_labelallparts": null, "layer": "2026_деловые районы", "path": "C:/Users/shidlovskiyaf/YandexDisk/Аркадий/Карта офисов ит КРТ/Геоданные/2026_Офисы_и_Индастриал_03_02_2026_09_50_16.geojson|geometrytype=Polygon" }, "geometry": { "type": "MultiPolygon", "coordinates": [ [ [ [ 37.599499452878931, 55.733350865922105 ], [ 37.589505797716754, 55.720736345550471 ], [ 37.577146178576129, 55.713371929855931 ], [ 37.569078093859339, 55.710755288583243 ], [ 37.553628569933565, 55.709689199082966 ], [ 37.546418792101534, 55.71162752189926 ], [ 37.540067321154261, 55.716569807964149 ], [ 37.520326262804652, 55.708913842914832 ], [ 37.502596973551952, 55.699789338467042 ], [ 37.47804939664767, 55.685827011492769 ], [ 37.483027576579289, 55.678358990028158 ], [ 37.487662433757023, 55.673508858525821 ], [ 37.495738908647937, 55.670358571188707 ], [ 37.486240143623675, 55.667083269789025 ], [ 37.482978577461566, 55.662716915057707 ], [ 37.479545349922503, 55.652915093045664 ], [ 37.482463593330721, 55.648547150865639 ], [ 37.514392609443988, 55.63534328456452 ], [ 37.531387085762354, 55.63175028271592 ], [ 37.536536927070955, 55.631653169965439 ], [ 37.542373413887361, 55.634566447337384 ], [ 37.543918366279932, 55.637576605428094 ], [ 37.513190979805316, 55.647673503715247 ], [ 37.525550598945948, 55.656797297538375 ], [ 37.518842401306088, 55.657800479908545 ], [ 37.524335565368602, 55.661197004287096 ], [ 37.52639550189204, 55.663914010689844 ], [ 37.525880517761173, 55.667115953637413 ], [ 37.531888665954533, 55.664496201704118 ], [ 37.54012841204829, 55.664787293949679 ], [ 37.542531671325619, 55.666921903984637 ], [ 37.570684137145939, 55.65605358069633 ], [ 37.596261682312004, 55.679921094658262 ], [ 37.605703058044419, 55.689667641327226 ], [ 37.601230824503162, 55.691612495431833 ], [ 37.598398411783442, 55.693794114932743 ], [ 37.591102803262935, 55.701792340451924 ], [ 37.595207918455095, 55.704669848934174 ], [ 37.59694598989666, 55.706002628159844 ], [ 37.596967447568822, 55.70752921010272 ], [ 37.59786866979784, 55.708449976602232 ], [ 37.596752870847688, 55.710097609636648 ], [ 37.606022585203156, 55.71135751723245 ], [ 37.606022585203156, 55.714071025763651 ], [ 37.610142458250024, 55.720563295699684 ], [ 37.613232363035188, 55.729863763878612 ], [ 37.599499452878931, 55.733350865922105 ] ] ] ] } },
{ "type": "Feature", "properties": { "fid": 15, "description": "Очаково-Матвеевское", "fill": "#595959", "fill-opacity": 0.25, "iconCaption": null, "marker-color": null, "stroke": "#595959", "stroke-width": "3", "stroke-opacity": 0.9, "Name": "Очаково-Матвеевское", "main": "1", "id": null, "auxiliary_storage_labeling_labelrotation": null, "auxiliary_storage_labeling_family": null, "auxiliary_storage_labeling_fontstyle": null, "auxiliary_storage_labeling_size": null, "auxiliary_storage_labeling_bold": null, "auxiliary_storage_labeling_italic": null, "auxiliary_storage_labeling_underline": null, "auxiliary_storage_labeling_color": null, "auxiliary_storage_labeling_strikeout": null, "auxiliary_storage_labeling_multilinealignment": null, "auxiliary_storage_labeling_buffersize": null, "auxiliary_storage_labeling_buffercolor": null, "auxiliary_storage_labeling_bufferdraw": null, "auxiliary_storage_labeling_labeldistance": null, "auxiliary_storage_labeling_hali": null, "auxiliary_storage_labeling_vali": null, "auxiliary_storage_labeling_scalevisibility": null, "auxiliary_storage_labeling_minscale": null, "auxiliary_storage_labeling_maxscale": null, "auxiliary_storage_labeling_alwaysshow": null, "auxiliary_storage_labeling_calloutdraw": null, "auxiliary_storage_labeling_labelallparts": null, "layer": "2026_деловые районы", "path": "C:/Users/shidlovskiyaf/YandexDisk/Аркадий/Карта офисов ит КРТ/Геоданные/2026_Офисы_и_Индастриал_03_02_2026_09_50_16.geojson|geometrytype=Polygon" }, "geometry": { "type": "MultiPolygon", "coordinates": [ [ [ [ 37.448114158848618, 55.707023987053262 ], [ 37.448690552725694, 55.704948459541164 ], [ 37.444914002432718, 55.704851529055368 ], [ 37.439764161124174, 55.704269941069839 ], [ 37.437961716666159, 55.705481572897035 ], [ 37.430923600211074, 55.704366873010613 ], [ 37.428177018179824, 55.707407989815742 ], [ 37.422340531363417, 55.709092012010537 ], [ 37.420795578970846, 55.704512270459766 ], [ 37.411869187369248, 55.706741629975554 ], [ 37.407792229666619, 55.704875761688577 ], [ 37.404573578848741, 55.702622061228631 ], [ 37.405861039175896, 55.701507279434438 ], [ 37.405678648962869, 55.700083462744203 ], [ 37.403436322226412, 55.698659593968152 ], [ 37.409937996878526, 55.693872589353113 ], [ 37.41452993871205, 55.687884975254619 ], [ 37.415688653006484, 55.683448213813861 ], [ 37.418392319693496, 55.679495918658851 ], [ 37.413242478384895, 55.677216498605212 ], [ 37.414787430777494, 55.676149490192138 ], [ 37.411182541861464, 55.673627354116263 ], [ 37.409122605338027, 55.672366224841419 ], [ 37.406805176749174, 55.670668486348127 ], [ 37.404659409537246, 55.671056547383394 ], [ 37.40697683812612, 55.670231913063262 ], [ 37.412040848746244, 55.668340038965823 ], [ 37.41538824559683, 55.664750076621083 ], [ 37.40646185399526, 55.662469793657749 ], [ 37.408264298453268, 55.660286418981457 ], [ 37.410839219107572, 55.659461556722142 ], [ 37.413414139761869, 55.657908827453866 ], [ 37.415474076285307, 55.658685199819779 ], [ 37.420023102774564, 55.65800587485144 ], [ 37.428863663687636, 55.656307510617623 ], [ 37.432983536734504, 55.65436643231201 ], [ 37.438182219927725, 55.65653327768765 ], [ 37.434148177569327, 55.660706244590692 ], [ 37.433890685503854, 55.660754764834138 ], [ 37.436465606158208, 55.662113307134042 ], [ 37.443503722613265, 55.667304443228417 ], [ 37.451485976641585, 55.670797154949412 ], [ 37.458009108965804, 55.673270969657899 ], [ 37.464875564043943, 55.678218127840999 ], [ 37.477664336626937, 55.686025599043866 ], [ 37.462386474078116, 55.697758108328621 ], [ 37.458524093096671, 55.702120536250447 ], [ 37.455063302649883, 55.7090409335648 ], [ 37.449027591548827, 55.709563980737229 ], [ 37.448114158848618, 55.707023987053262 ] ] ] ] } },
{ "type": "Feature", "properties": { "fid": 16, "description": "Раменки - Перспективный", "fill": "#56db40", "fill-opacity": 0.3, "iconCaption": null, "marker-color": null, "stroke": "#56db40", "stroke-width": "3", "stroke-opacity": 0.9, "Name": "Раменки", "main": "0", "id": null, "auxiliary_storage_labeling_labelrotation": null, "auxiliary_storage_labeling_family": null, "auxiliary_storage_labeling_fontstyle": null, "auxiliary_storage_labeling_size": null, "auxiliary_storage_labeling_bold": null, "auxiliary_storage_labeling_italic": null, "auxiliary_storage_labeling_underline": null, "auxiliary_storage_labeling_color": null, "auxiliary_storage_labeling_strikeout": null, "auxiliary_storage_labeling_multilinealignment": null, "auxiliary_storage_labeling_buffersize": null, "auxiliary_storage_labeling_buffercolor": null, "auxiliary_storage_labeling_bufferdraw": null, "auxiliary_storage_labeling_labeldistance": null, "auxiliary_storage_labeling_hali": null, "auxiliary_storage_labeling_vali": null, "auxiliary_storage_labeling_scalevisibility": null, "auxiliary_storage_labeling_minscale": null, "auxiliary_storage_labeling_maxscale": null, "auxiliary_storage_labeling_alwaysshow": null, "auxiliary_storage_labeling_calloutdraw": null, "auxiliary_storage_labeling_labelallparts": null, "layer": "2026_деловые районы", "path": "C:/Users/shidlovskiyaf/YandexDisk/Аркадий/Карта офисов ит КРТ/Геоданные/2026_Офисы_и_Индастриал_03_02_2026_09_50_16.geojson|geometrytype=Polygon" }, "geometry": { "type": "MultiPolygon", "coordinates": [ [ [ [ 37.47903032645543, 55.721208194380296 ], [ 37.473880485146836, 55.714328406044416 ], [ 37.473537162392937, 55.710258099197176 ], [ 37.469588950723015, 55.707447400667867 ], [ 37.46735735282261, 55.707835095296048 ], [ 37.468215659707397, 55.706381220520527 ], [ 37.458259299844116, 55.700565178132372 ], [ 37.478687003701538, 55.685342420289359 ], [ 37.513534263223022, 55.705702727033284 ], [ 37.541171744912475, 55.716944806982653 ], [ 37.53894014701207, 55.722952172701056 ], [ 37.544433311074584, 55.72847425473568 ], [ 37.546664908974968, 55.729152351090605 ], [ 37.541171744912475, 55.734673552574826 ], [ 37.534820273965202, 55.733898694411103 ], [ 37.522803977578491, 55.729636698388497 ], [ 37.501517966836289, 55.721692640648293 ], [ 37.497054771035522, 55.719464137844334 ], [ 37.47903032645543, 55.721208194380296 ] ] ] ] } },
{ "type": "Feature", "properties": { "fid": 18, "description": "Можайский  - перспективный", "fill": "#ed4543", "fill-opacity": 0.3, "iconCaption": null, "marker-color": null, "stroke": "#ed4543", "stroke-width": "3", "stroke-opacity": 0.9, "Name": "Можайский ", "main": "0", "id": null, "auxiliary_storage_labeling_labelrotation": null, "auxiliary_storage_labeling_family": null, "auxiliary_storage_labeling_fontstyle": null, "auxiliary_storage_labeling_size": null, "auxiliary_storage_labeling_bold": null, "auxiliary_storage_labeling_italic": null, "auxiliary_storage_labeling_underline": null, "auxiliary_storage_labeling_color": null, "auxiliary_storage_labeling_strikeout": null, "auxiliary_storage_labeling_multilinealignment": null, "auxiliary_storage_labeling_buffersize": null, "auxiliary_storage_labeling_buffercolor": null, "auxiliary_storage_labeling_bufferdraw": null, "auxiliary_storage_labeling_labeldistance": null, "auxiliary_storage_labeling_hali": null, "auxiliary_storage_labeling_vali": null, "auxiliary_storage_labeling_scalevisibility": null, "auxiliary_storage_labeling_minscale": null, "auxiliary_storage_labeling_maxscale": null, "auxiliary_storage_labeling_alwaysshow": null, "auxiliary_storage_labeling_calloutdraw": null, "auxiliary_storage_labeling_labelallparts": null, "layer": "2026_деловые районы", "path": "C:/Users/shidlovskiyaf/YandexDisk/Аркадий/Карта офисов ит КРТ/Геоданные/2026_Офисы_и_Индастриал_03_02_2026_09_50_16.geojson|geometrytype=Polygon" }, "geometry": { "type": "MultiPolygon", "coordinates": [ [ [ [ 37.378926938491503, 55.728845413515899 ], [ 37.378926938491503, 55.726617320624044 ], [ 37.388883298354784, 55.710435598954177 ], [ 37.403131192641851, 55.698755384111962 ], [ 37.405405705886494, 55.699918716222136 ], [ 37.405877774673144, 55.701082013565802 ], [ 37.405448621230782, 55.701930229290873 ], [ 37.404676145034472, 55.702245276143415 ], [ 37.405019467788385, 55.703093466511035 ], [ 37.411800092178026, 55.706619316878722 ], [ 37.420640653091127, 55.704377833881814 ], [ 37.422185605483698, 55.709248351299422 ], [ 37.428365415054003, 55.707128176112825 ], [ 37.4309403357083, 55.704371775637668 ], [ 37.438235944228779, 55.70553796889439 ], [ 37.439888184981903, 55.70419987275406 ], [ 37.444705432372658, 55.704912090937476 ], [ 37.448878949599816, 55.704945789404775 ], [ 37.447859710174242, 55.706972565840772 ], [ 37.448814576583551, 55.709459605282952 ], [ 37.455187505202929, 55.709030281471044 ], [ 37.447591489272767, 55.727295449361321 ], [ 37.410255139785455, 55.727343886679215 ], [ 37.388883298354784, 55.73000784607077 ], [ 37.383046811538371, 55.728457928273514 ], [ 37.378926938491503, 55.728845413515899 ] ] ] ] } },
{ "type": "Feature", "properties": { "fid": 19, "description": "Кунцево - Перспективный", "fill": "#ffd21e", "fill-opacity": 0.3, "iconCaption": null, "marker-color": null, "stroke": "#ffd21e", "stroke-width": "3", "stroke-opacity": 0.9, "Name": "Кунцево", "main": "0", "id": null, "auxiliary_storage_labeling_labelrotation": null, "auxiliary_storage_labeling_family": null, "auxiliary_storage_labeling_fontstyle": null, "auxiliary_storage_labeling_size": null, "auxiliary_storage_labeling_bold": null, "auxiliary_storage_labeling_italic": null, "auxiliary_storage_labeling_underline": null, "auxiliary_storage_labeling_color": null, "auxiliary_storage_labeling_strikeout": null, "auxiliary_storage_labeling_multilinealignment": null, "auxiliary_storage_labeling_buffersize": null, "auxiliary_storage_labeling_buffercolor": null, "auxiliary_storage_labeling_bufferdraw": null, "auxiliary_storage_labeling_labeldistance": null, "auxiliary_storage_labeling_hali": null, "auxiliary_storage_labeling_vali": null, "auxiliary_storage_labeling_scalevisibility": null, "auxiliary_storage_labeling_minscale": null, "auxiliary_storage_labeling_maxscale": null, "auxiliary_storage_labeling_alwaysshow": null, "auxiliary_storage_labeling_calloutdraw": null, "auxiliary_storage_labeling_labelallparts": null, "layer": "2026_деловые районы", "path": "C:/Users/shidlovskiyaf/YandexDisk/Аркадий/Карта офисов ит КРТ/Геоданные/2026_Офисы_и_Индастриал_03_02_2026_09_50_16.geojson|geometrytype=Polygon" }, "geometry": { "type": "MultiPolygon", "coordinates": [ [ [ [ 37.36932139270754, 55.770929328946572 ], [ 37.369063900642075, 55.765219718634071 ], [ 37.368892239265101, 55.749199295785928 ], [ 37.369836376838357, 55.744842146741924 ], [ 37.378762768439906, 55.726391468836276 ], [ 37.37859110706296, 55.728910187750564 ], [ 37.382625149421351, 55.728474267307632 ], [ 37.388890789680154, 55.729927316442186 ], [ 37.410262631110854, 55.727360226197149 ], [ 37.441419171027839, 55.727408663431248 ], [ 37.44099001758547, 55.735303126028576 ], [ 37.43893008106204, 55.736707494343044 ], [ 37.378676937751479, 55.765848784679228 ], [ 37.375501202277846, 55.767493986090393 ], [ 37.36932139270754, 55.770929328946572 ] ] ] ] } },
{ "type": "Feature", "properties": { "fid": 20, "description": "Волоколамское шоссе - Перспективный", "fill": "#ed4543", "fill-opacity": 0.3, "iconCaption": null, "marker-color": null, "stroke": "#ed4543", "stroke-width": "3", "stroke-opacity": 0.9, "Name": "Волоколамское шоссе", "main": "0", "id": null, "auxiliary_storage_labeling_labelrotation": null, "auxiliary_storage_labeling_family": null, "auxiliary_storage_labeling_fontstyle": null, "auxiliary_storage_labeling_size": null, "auxiliary_storage_labeling_bold": null, "auxiliary_storage_labeling_italic": null, "auxiliary_storage_labeling_underline": null, "auxiliary_storage_labeling_color": null, "auxiliary_storage_labeling_strikeout": null, "auxiliary_storage_labeling_multilinealignment": null, "auxiliary_storage_labeling_buffersize": null, "auxiliary_storage_labeling_buffercolor": null, "auxiliary_storage_labeling_bufferdraw": null, "auxiliary_storage_labeling_labeldistance": null, "auxiliary_storage_labeling_hali": null, "auxiliary_storage_labeling_vali": null, "auxiliary_storage_labeling_scalevisibility": null, "auxiliary_storage_labeling_minscale": null, "auxiliary_storage_labeling_maxscale": null, "auxiliary_storage_labeling_alwaysshow": null, "auxiliary_storage_labeling_calloutdraw": null, "auxiliary_storage_labeling_labelallparts": null, "layer": "2026_деловые районы", "path": "C:/Users/shidlovskiyaf/YandexDisk/Аркадий/Карта офисов ит КРТ/Геоданные/2026_Офисы_и_Индастриал_03_02_2026_09_50_16.geojson|geometrytype=Polygon" }, "geometry": { "type": "MultiPolygon", "coordinates": [ [ [ [ 37.498707692816573, 55.796830721877136 ], [ 37.502827565863441, 55.798813049050089 ], [ 37.511582296088044, 55.806161280188647 ], [ 37.509522359564606, 55.806306297044806 ], [ 37.508234899237458, 55.807079711149278 ], [ 37.505144994452266, 55.811719871729345 ], [ 37.494673650458154, 55.822882981749835 ], [ 37.493987004950341, 55.824767345358083 ], [ 37.490187961645681, 55.823245904718405 ], [ 37.490617115088071, 55.823487492661933 ], [ 37.486411411352734, 55.820008481009076 ], [ 37.485810596533391, 55.816577483019529 ], [ 37.486153919287283, 55.815610949868024 ], [ 37.482377368994307, 55.816384178317861 ], [ 37.474738437719914, 55.814161104937924 ], [ 37.460833866186711, 55.818462153325228 ], [ 37.453366596289236, 55.811067921122081 ], [ 37.461005527563657, 55.807974490422993 ], [ 37.48864300925311, 55.808747871243661 ], [ 37.498707692816573, 55.796830721877136 ] ] ] ] } },
{ "type": "Feature", "properties": { "fid": 21, "description": "Дальний Ленинградский - Перспективный", "fill": "#b51eff", "fill-opacity": 0.2, "iconCaption": null, "marker-color": null, "stroke": "#b51eff", "stroke-width": "3", "stroke-opacity": 0.9, "Name": "Дальний Ленинградский", "main": "0", "id": null, "auxiliary_storage_labeling_labelrotation": null, "auxiliary_storage_labeling_family": null, "auxiliary_storage_labeling_fontstyle": null, "auxiliary_storage_labeling_size": null, "auxiliary_storage_labeling_bold": null, "auxiliary_storage_labeling_italic": null, "auxiliary_storage_labeling_underline": null, "auxiliary_storage_labeling_color": null, "auxiliary_storage_labeling_strikeout": null, "auxiliary_storage_labeling_multilinealignment": null, "auxiliary_storage_labeling_buffersize": null, "auxiliary_storage_labeling_buffercolor": null, "auxiliary_storage_labeling_bufferdraw": null, "auxiliary_storage_labeling_labeldistance": null, "auxiliary_storage_labeling_hali": null, "auxiliary_storage_labeling_vali": null, "auxiliary_storage_labeling_scalevisibility": null, "auxiliary_storage_labeling_minscale": null, "auxiliary_storage_labeling_maxscale": null, "auxiliary_storage_labeling_alwaysshow": null, "auxiliary_storage_labeling_calloutdraw": null, "auxiliary_storage_labeling_labelallparts": null, "layer": "2026_деловые районы", "path": "C:/Users/shidlovskiyaf/YandexDisk/Аркадий/Карта офисов ит КРТ/Геоданные/2026_Офисы_и_Индастриал_03_02_2026_09_50_16.geojson|geometrytype=Polygon" }, "geometry": { "type": "MultiPolygon", "coordinates": [ [ [ [ 37.509824516226431, 55.828256744948916 ], [ 37.512568662798884, 55.829158834755731 ], [ 37.511924941245283, 55.829846149666324 ], [ 37.505809146948117, 55.834985335787962 ], [ 37.502719242162954, 55.843437454855291 ], [ 37.496796924658092, 55.852080856445085 ], [ 37.486840564794818, 55.861929083734481 ], [ 37.48272069174795, 55.880363631021005 ], [ 37.483064014501863, 55.882196953604748 ], [ 37.47791417319327, 55.886345731032307 ], [ 37.460919696874903, 55.882679392465072 ], [ 37.450448352880763, 55.88277587951459 ], [ 37.437058765478426, 55.87939868947376 ], [ 37.439290363378809, 55.876696725002262 ], [ 37.441521961279186, 55.87621421147503 ], [ 37.455769855566309, 55.867527938222445 ], [ 37.470532733984264, 55.844451585171164 ], [ 37.476884204931537, 55.842423298009116 ], [ 37.476197559423724, 55.83971874980751 ], [ 37.474824268408156, 55.839525560569676 ], [ 37.489672977514637, 55.822955997109659 ], [ 37.493535358496082, 55.824792041386807 ], [ 37.49850050134463, 55.825686177130976 ], [ 37.504309942581116, 55.827147161034524 ], [ 37.509824516226431, 55.828256744948916 ] ] ] ] } },
{ "type": "Feature", "properties": { "fid": 22, "description": null, "fill": null, "fill-opacity": null, "iconCaption": null, "marker-color": null, "stroke": null, "stroke-width": null, "stroke-opacity": null, "Name": "Центральный", "main": "1", "id": 1, "auxiliary_storage_labeling_labelrotation": null, "auxiliary_storage_labeling_family": null, "auxiliary_storage_labeling_fontstyle": null, "auxiliary_storage_labeling_size": null, "auxiliary_storage_labeling_bold": null, "auxiliary_storage_labeling_italic": null, "auxiliary_storage_labeling_underline": null, "auxiliary_storage_labeling_color": "#000000", "auxiliary_storage_labeling_strikeout": null, "auxiliary_storage_labeling_multilinealignment": null, "auxiliary_storage_labeling_buffersize": null, "auxiliary_storage_labeling_buffercolor": "#ffffff", "auxiliary_storage_labeling_bufferdraw": null, "auxiliary_storage_labeling_labeldistance": null, "auxiliary_storage_labeling_hali": null, "auxiliary_storage_labeling_vali": null, "auxiliary_storage_labeling_scalevisibility": null, "auxiliary_storage_labeling_minscale": null, "auxiliary_storage_labeling_maxscale": null, "auxiliary_storage_labeling_alwaysshow": null, "auxiliary_storage_labeling_calloutdraw": null, "auxiliary_storage_labeling_labelallparts": null, "layer": "Деловые районы", "path": "C:/Users/shidlovskiyaf/YandexDisk/Аркадий/Карта офисов ит КРТ/Геоданные/Business_okrug.shp" }, "geometry": { "type": "MultiPolygon", "coordinates": [ [ [ [ 37.567697334597611, 55.755014372562243 ], [ 37.568033240714456, 55.757396921684638 ], [ 37.558999248473526, 55.756907112273375 ], [ 37.56033355087866, 55.762960267319826 ], [ 37.561982064186573, 55.765778777073727 ], [ 37.555744115042209, 55.770714091946296 ], [ 37.584583226370263, 55.768585171115966 ], [ 37.599689427542216, 55.777825776357894 ], [ 37.587858472562665, 55.785179197816802 ], [ 37.594007335895427, 55.785846560984659 ], [ 37.600523380507951, 55.787485160098967 ], [ 37.600312401934573, 55.789293993527565 ], [ 37.609754278069452, 55.789959361817282 ], [ 37.609286586058893, 55.787584603927172 ], [ 37.609566967292245, 55.787917090405934 ], [ 37.622995394683336, 55.788315216337956 ], [ 37.622749264258836, 55.792874833768188 ], [ 37.634418805260687, 55.791735770664616 ], [ 37.632386453199224, 55.774671173803483 ], [ 37.633188498718859, 55.772621878807463 ], [ 37.638453094141134, 55.772433322715166 ], [ 37.641135484105632, 55.770898764003761 ], [ 37.649105088965058, 55.768852934291978 ], [ 37.646123773671746, 55.769405050808523 ], [ 37.647441079470362, 55.769109062196932 ], [ 37.648227272819625, 55.768898168694612 ], [ 37.649311120741416, 55.768525884600976 ], [ 37.656667789201727, 55.764105888308535 ], [ 37.65689070824201, 55.763285039896353 ], [ 37.65820164390432, 55.759128049248112 ], [ 37.657274624841357, 55.754946610530169 ], [ 37.655973772168664, 55.750321986394461 ], [ 37.655490978130366, 55.744553695558018 ], [ 37.654526811820382, 55.741469533706436 ], [ 37.648061367806839, 55.737117457092488 ], [ 37.644941028193358, 55.735563978703468 ], [ 37.642267148705955, 55.732746762074875 ], [ 37.637438847203939, 55.73090426471073 ], [ 37.62851281988393, 55.729806273689192 ], [ 37.622372615475591, 55.729669573697976 ], [ 37.623378764362002, 55.729783622808121 ], [ 37.625014212682203, 55.726838083918729 ], [ 37.627095526323068, 55.723650519638348 ], [ 37.626838501754321, 55.721439815573916 ], [ 37.610624379635546, 55.721242414413645 ], [ 37.613232363035188, 55.729863763878612 ], [ 37.597573481305218, 55.734356031887714 ], [ 37.586914757438009, 55.722433283299949 ], [ 37.577277045361747, 55.714692774030539 ], [ 37.56718296172356, 55.71155664882987 ], [ 37.559718419617582, 55.710975349790786 ], [ 37.553468722199078, 55.711725198700542 ], [ 37.548836268519537, 55.713426930683866 ], [ 37.54453707098488, 55.716614389339185 ], [ 37.542695719213761, 55.71906246985543 ], [ 37.542397103809144, 55.721858163193538 ], [ 37.543651757323062, 55.724727168248172 ], [ 37.545631984772697, 55.726397238931419 ], [ 37.548807496645175, 55.727312986917454 ], [ 37.554383225343756, 55.729080224903512 ], [ 37.557721243309039, 55.730875840141479 ], [ 37.562108934210954, 55.733232520367473 ], [ 37.568588196950458, 55.73693070727704 ], [ 37.57635765038799, 55.745308853066639 ], [ 37.571689975238527, 55.751682530044171 ], [ 37.567697334597611, 55.755014372562243 ] ] ] ] } },
{ "type": "Feature", "properties": { "fid": 24, "description": null, "fill": null, "fill-opacity": null, "iconCaption": null, "marker-color": null, "stroke": null, "stroke-width": null, "stroke-opacity": null, "Name": "Югозападный", "main": "3", "id": 6, "auxiliary_storage_labeling_labelrotation": null, "auxiliary_storage_labeling_family": null, "auxiliary_storage_labeling_fontstyle": null, "auxiliary_storage_labeling_size": null, "auxiliary_storage_labeling_bold": null, "auxiliary_storage_labeling_italic": null, "auxiliary_storage_labeling_underline": null, "auxiliary_storage_labeling_color": null, "auxiliary_storage_labeling_strikeout": null, "auxiliary_storage_labeling_multilinealignment": null, "auxiliary_storage_labeling_buffersize": null, "auxiliary_storage_labeling_buffercolor": null, "auxiliary_storage_labeling_bufferdraw": null, "auxiliary_storage_labeling_labeldistance": null, "auxiliary_storage_labeling_hali": null, "auxiliary_storage_labeling_vali": null, "auxiliary_storage_labeling_scalevisibility": null, "auxiliary_storage_labeling_minscale": null, "auxiliary_storage_labeling_maxscale": null, "auxiliary_storage_labeling_alwaysshow": null, "auxiliary_storage_labeling_calloutdraw": null, "auxiliary_storage_labeling_labelallparts": null, "layer": "Деловые районы", "path": "C:/Users/shidlovskiyaf/YandexDisk/Аркадий/Карта офисов ит КРТ/Геоданные/Business_okrug.shp" }, "geometry": { "type": "MultiPolygon", "coordinates": [ [ [ [ 37.579545046247382, 55.714445944893924 ], [ 37.581450830559753, 55.71071942263697 ], [ 37.583735401443889, 55.708746563863464 ], [ 37.585098810507063, 55.707762666780908 ], [ 37.586904560786316, 55.706783845749044 ], [ 37.587446110638034, 55.704041139411274 ], [ 37.587942541911872, 55.702547428491648 ], [ 37.588023610506902, 55.700299229354968 ], [ 37.588989291049423, 55.698061198261605 ], [ 37.58906128708923, 55.696062796704133 ], [ 37.587454291896385, 55.691546051232919 ], [ 37.586623893403754, 55.69003707086258 ], [ 37.584494024157365, 55.687763396015164 ], [ 37.5806409717596, 55.684220249096221 ], [ 37.575986079028809, 55.67841853279306 ], [ 37.573000610621754, 55.675385002686539 ], [ 37.569168036081379, 55.671341902212781 ], [ 37.564434034342369, 55.667787945689831 ], [ 37.560078602707613, 55.665987583344865 ], [ 37.553983514695133, 55.663416859693712 ], [ 37.550070944587588, 55.661621352199688 ], [ 37.546195772098592, 55.658826533183777 ], [ 37.544079195300206, 55.65630237134225 ], [ 37.54110715204677, 55.653018281050002 ], [ 37.539442276456853, 55.65024949521959 ], [ 37.537805559219116, 55.646731296988861 ], [ 37.535257793092619, 55.643951923484742 ], [ 37.532691706900906, 55.641672090473641 ], [ 37.528359361901231, 55.639371027010455 ], [ 37.525361745773218, 55.636835948878726 ], [ 37.523238279324481, 55.634561228708606 ], [ 37.513337307160107, 55.627694094635466 ], [ 37.512492150440714, 55.626684211198693 ], [ 37.509985371200059, 55.622905143013945 ], [ 37.506164349127523, 55.618860108356628 ], [ 37.497825473114609, 55.617508708031508 ], [ 37.495608974770668, 55.617731450838519 ], [ 37.493891308962034, 55.616460817337291 ], [ 37.489093848283744, 55.61490234493067 ], [ 37.484132917904262, 55.617590148242044 ], [ 37.477730889305654, 55.623258808751011 ], [ 37.470492636821348, 55.62766716298254 ], [ 37.468638979128912, 55.629893235505179 ], [ 37.464460145824724, 55.635089130452492 ], [ 37.463106074655862, 55.635821907226799 ], [ 37.461742163971444, 55.636804457046985 ], [ 37.460378184830887, 55.637786991149241 ], [ 37.459426341385495, 55.639524419859804 ], [ 37.450719928939989, 55.64741194332646 ], [ 37.44888395290463, 55.649138125208985 ], [ 37.446576390743246, 55.651608044398635 ], [ 37.442903514211984, 55.655060248461929 ], [ 37.441990154407598, 55.655798388776418 ], [ 37.441076760094752, 55.656536522002163 ], [ 37.438346316142024, 55.658501094429823 ], [ 37.436961080935504, 55.659982926027425 ], [ 37.436037532222876, 55.660970804532788 ], [ 37.434682033500174, 55.661703256051148 ], [ 37.432854658068813, 55.663179401949051 ], [ 37.430997159167696, 55.665404870196461 ], [ 37.429571378806415, 55.667885747332036 ], [ 37.427271502450651, 55.670105499134955 ], [ 37.425443452488928, 55.671581528701807 ], [ 37.424057260855363, 55.673063205874541 ], [ 37.42221889601587, 55.674788967450262 ], [ 37.421284560908646, 55.676026510323439 ], [ 37.419898052568868, 55.677508137594451 ], [ 37.418420712235331, 55.681237781300659 ], [ 37.417908031171166, 55.682980553613532 ], [ 37.418309806980595, 55.683985376021617 ], [ 37.418731764592138, 55.684490634491191 ], [ 37.42048012410379, 55.685012965354424 ], [ 37.42357504223947, 55.685052748558618 ], [ 37.427504108756317, 55.686352695351793 ], [ 37.431413435435232, 55.688152083051428 ], [ 37.433082202746142, 55.690672497517689 ], [ 37.432992272713193, 55.692920542009453 ], [ 37.428057663457906, 55.694606832121011 ], [ 37.427384740923408, 55.700346151105158 ], [ 37.429898355339226, 55.703877059746837 ], [ 37.431597696535057, 55.70564814606432 ], [ 37.441692615293157, 55.707775945020593 ], [ 37.444337044474175, 55.708059383780764 ], [ 37.447414005916919, 55.708598143749818 ], [ 37.461512065801656, 55.710275030748036 ], [ 37.462800102574612, 55.711290793782865 ], [ 37.464963305954775, 55.712567393266418 ], [ 37.466261295684518, 55.713333334936323 ], [ 37.467982249937684, 55.714604355387223 ], [ 37.471414736029949, 55.71739611131752 ], [ 37.475368110001639, 55.71819497486895 ], [ 37.478898540172544, 55.718488657979023 ], [ 37.482852181227436, 55.719287282002156 ], [ 37.491241030256511, 55.719890434542236 ], [ 37.496089770503239, 55.720449715446222 ], [ 37.497840779189488, 55.720970956454181 ], [ 37.499591834848175, 55.721492172720886 ], [ 37.500862089451992, 55.723007120929907 ], [ 37.502142004972917, 55.724272266745132 ], [ 37.503469778720721, 55.724288451541746 ], [ 37.505249689266577, 55.724060219138899 ], [ 37.508780887233257, 55.724353047257608 ], [ 37.509666074085146, 55.724363790892504 ], [ 37.512331136505402, 55.724146192923229 ], [ 37.51587187448618, 55.724189026779896 ], [ 37.517623318122617, 55.724709987863477 ], [ 37.522030443374717, 55.725262907302969 ], [ 37.522030443374717, 55.725262907302969 ], [ 37.524667243602437, 55.72579441693555 ], [ 37.525109856435499, 55.725799732408198 ], [ 37.526861497119611, 55.726320562718271 ], [ 37.530383687487017, 55.726862563987524 ], [ 37.532587449346025, 55.727138815550482 ], [ 37.53566715907678, 55.727675377446147 ], [ 37.539180269221362, 55.728466920909774 ], [ 37.543136178585534, 55.729263615325408 ], [ 37.546197636315689, 55.73029950262152 ], [ 37.548816576812804, 55.731330085527141 ], [ 37.551878348214458, 55.732365832621561 ], [ 37.554931053130893, 55.733651299113177 ], [ 37.557541236607271, 55.734931492980607 ], [ 37.561064640416511, 55.7354726202853 ], [ 37.565030879626576, 55.736018819288311 ], [ 37.567207955164953, 55.737043841587322 ], [ 37.568499624474001, 55.738058510750605 ], [ 37.569773087272061, 55.739572759298063 ], [ 37.570622116837718, 55.740582251090146 ], [ 37.571462063177812, 55.741841533558095 ], [ 37.572311184822325, 55.742851013815716 ], [ 37.574488830799019, 55.743875909061913 ], [ 37.575356280110014, 55.744385775192185 ], [ 37.57708215446069, 55.745655286243149 ], [ 37.580182092617562, 55.74569114756018 ], [ 37.583318247080499, 55.744727740269219 ], [ 37.584231062881379, 55.743988556058923 ], [ 37.585152883851748, 55.74299956690357 ], [ 37.58658067753025, 55.74026707876795 ], [ 37.587068598759075, 55.739023180856101 ], [ 37.588432992827137, 55.738039256693135 ], [ 37.592047058763846, 55.736081512807864 ], [ 37.594314644756871, 55.734608068385782 ], [ 37.596094516994249, 55.734378519706588 ], [ 37.598759812029066, 55.734159047974202 ], [ 37.597972870748364, 55.731401148575216 ], [ 37.596743378275782, 55.728638187543005 ], [ 37.592876263522669, 55.725345220130123 ], [ 37.58993097171254, 55.72106310087954 ], [ 37.587817280365009, 55.718289886165081 ], [ 37.58171226329732, 55.715720507731341 ], [ 37.58171226329732, 55.715720507731341 ], [ 37.581315028022679, 55.714466403667501 ], [ 37.579545046247382, 55.714445944893924 ] ] ] ] } },
{ "type": "Feature", "properties": { "fid": 25, "description": null, "fill": null, "fill-opacity": null, "iconCaption": null, "marker-color": null, "stroke": null, "stroke-width": null, "stroke-opacity": null, "Name": "Строгино", "main": "0", "id": 1, "auxiliary_storage_labeling_labelrotation": null, "auxiliary_storage_labeling_family": null, "auxiliary_storage_labeling_fontstyle": null, "auxiliary_storage_labeling_size": null, "auxiliary_storage_labeling_bold": null, "auxiliary_storage_labeling_italic": null, "auxiliary_storage_labeling_underline": null, "auxiliary_storage_labeling_color": null, "auxiliary_storage_labeling_strikeout": null, "auxiliary_storage_labeling_multilinealignment": null, "auxiliary_storage_labeling_buffersize": null, "auxiliary_storage_labeling_buffercolor": null, "auxiliary_storage_labeling_bufferdraw": null, "auxiliary_storage_labeling_labeldistance": null, "auxiliary_storage_labeling_hali": null, "auxiliary_storage_labeling_vali": null, "auxiliary_storage_labeling_scalevisibility": null, "auxiliary_storage_labeling_minscale": null, "auxiliary_storage_labeling_maxscale": null, "auxiliary_storage_labeling_alwaysshow": null, "auxiliary_storage_labeling_calloutdraw": null, "auxiliary_storage_labeling_labelallparts": null, "layer": "Деловые районы", "path": "C:/Users/shidlovskiyaf/YandexDisk/Аркадий/Карта офисов ит КРТ/Геоданные/Business_okrug.shp" }, "geometry": { "type": "MultiPolygon", "coordinates": [ [ [ [ 37.369028391269133, 55.773203134534782 ], [ 37.370691889170629, 55.788418209644654 ], [ 37.369175414084623, 55.789693628102434 ], [ 37.368111142598266, 55.790150605680005 ], [ 37.367435142861112, 55.791319382049814 ], [ 37.373673480977651, 55.792108717453729 ], [ 37.377749324139181, 55.794635841626381 ], [ 37.38153372439325, 55.79916116037861 ], [ 37.384308159741408, 55.802848664195594 ], [ 37.386499915754513, 55.805468484720571 ], [ 37.386869236877985, 55.806651075296031 ], [ 37.386835155355989, 55.807475049487898 ], [ 37.386175900038133, 55.808410999942353 ], [ 37.385945512788211, 55.808758894311907 ], [ 37.381327527364412, 55.809169290412193 ], [ 37.379465894559388, 55.808673672454873 ], [ 37.378474635661888, 55.807365084014513 ], [ 37.378523575069984, 55.806187982819587 ], [ 37.379155484978405, 55.806078539404702 ], [ 37.376332318034159, 55.803568023449181 ], [ 37.37466529048681, 55.803428224075375 ], [ 37.374023597792906, 55.803773064484318 ], [ 37.372804016889496, 55.802932507007235 ], [ 37.372103364540656, 55.804689855303565 ], [ 37.373010865345776, 55.807999560489591 ], [ 37.372553538160055, 55.808935706623267 ], [ 37.371683053687406, 55.809748606092612 ], [ 37.372002819239412, 55.812108334366549 ], [ 37.373441528212432, 55.812716245978059 ], [ 37.375770394557733, 55.812040379992425 ], [ 37.377024617453195, 55.812056939509858 ], [ 37.377000120199412, 55.81264548913758 ], [ 37.379338706612188, 55.811734135211275 ], [ 37.380413220240754, 55.811041644481399 ], [ 37.380447441979584, 55.810217673378276 ], [ 37.380452330654101, 55.810099963210483 ], [ 37.38072810023526, 55.809657400164667 ], [ 37.383398233000996, 55.809667628558138 ], [ 37.384647508401663, 55.809801820260745 ], [ 37.3863148463209, 55.809941486027718 ], [ 37.386937058059864, 55.810067423971468 ], [ 37.387748835571294, 55.810666941848361 ], [ 37.3949361232334, 55.829133718563675 ], [ 37.406558695966964, 55.826340490562551 ], [ 37.409572801387064, 55.824259575434311 ], [ 37.414549836029508, 55.820201755564248 ], [ 37.415025438778827, 55.818794601837737 ], [ 37.414726951820725, 55.815846412209503 ], [ 37.416675430730983, 55.814222681776421 ], [ 37.418828017802177, 55.812719319416374 ], [ 37.422239425320527, 55.811114303864464 ], [ 37.425636295935107, 55.809862329915681 ], [ 37.428823925377785, 55.808607590064305 ], [ 37.434044810854012, 55.808791960256499 ], [ 37.440937967385985, 55.808997321571297 ], [ 37.444761491863716, 55.807514686331949 ], [ 37.446494606408983, 55.806005541858561 ], [ 37.447333999589993, 55.804546299936462 ], [ 37.447670846085295, 55.802722745600128 ], [ 37.447118841004873, 55.800831402519734 ], [ 37.446918835583269, 55.7992123507616 ], [ 37.446841470077779, 55.797294698306857 ], [ 37.446479784974933, 55.795876847849321 ], [ 37.446113437468384, 55.794576710373143 ], [ 37.444948867653657, 55.79232428950256 ], [ 37.44416473957822, 55.791018859735658 ], [ 37.439695330701191, 55.787782327072549 ], [ 37.433693538395261, 55.786292717706587 ], [ 37.426377137554255, 55.786317052515592 ], [ 37.42255025956635, 55.787916842256706 ], [ 37.421467609346969, 55.78884513771709 ], [ 37.419715241447442, 55.790824783462789 ], [ 37.417796711545407, 55.791742299785497 ], [ 37.414026362135374, 55.791929266538645 ], [ 37.411732889682405, 55.791781884034329 ], [ 37.410308726914472, 55.790821282734882 ], [ 37.408738107424384, 55.78832770240362 ], [ 37.406944373045732, 55.786184531739877 ], [ 37.405544572967486, 55.784635315555519 ], [ 37.40413525850029, 55.783321507830294 ], [ 37.40337193314646, 55.781544977168899 ], [ 37.402589410275937, 55.780239289798708 ], [ 37.403962933986243, 55.777312766658973 ], [ 37.406104334246059, 55.776045033444547 ], [ 37.407599871340665, 55.775239996034415 ], [ 37.409061775305425, 55.775258927438749 ], [ 37.400250322153163, 55.771022439262033 ], [ 37.395869945013018, 55.770847569609501 ], [ 37.393349596308447, 55.771167972927309 ], [ 37.390933599666695, 55.771046500252524 ], [ 37.387522089051629, 55.770620554049245 ], [ 37.387104456016914, 55.770615073968507 ], [ 37.383287290217055, 55.771978222415264 ], [ 37.3714285959907, 55.770761678232155 ], [ 37.370301012548673, 55.772748914081888 ], [ 37.369247051059638, 55.772970485083654 ], [ 37.369028391269133, 55.773203134534782 ] ] ] ] } },
{ "type": "Feature", "properties": { "fid": 26, "description": null, "fill": null, "fill-opacity": null, "iconCaption": null, "marker-color": null, "stroke": null, "stroke-width": null, "stroke-opacity": null, "Name": "Рублево", "main": "0", "id": 1, "auxiliary_storage_labeling_labelrotation": null, "auxiliary_storage_labeling_family": null, "auxiliary_storage_labeling_fontstyle": null, "auxiliary_storage_labeling_size": null, "auxiliary_storage_labeling_bold": null, "auxiliary_storage_labeling_italic": null, "auxiliary_storage_labeling_underline": null, "auxiliary_storage_labeling_color": null, "auxiliary_storage_labeling_strikeout": null, "auxiliary_storage_labeling_multilinealignment": null, "auxiliary_storage_labeling_buffersize": null, "auxiliary_storage_labeling_buffercolor": null, "auxiliary_storage_labeling_bufferdraw": null, "auxiliary_storage_labeling_labeldistance": null, "auxiliary_storage_labeling_hali": null, "auxiliary_storage_labeling_vali": null, "auxiliary_storage_labeling_scalevisibility": null, "auxiliary_storage_labeling_minscale": null, "auxiliary_storage_labeling_maxscale": null, "auxiliary_storage_labeling_alwaysshow": null, "auxiliary_storage_labeling_calloutdraw": null, "auxiliary_storage_labeling_labelallparts": null, "layer": "Деловые районы", "path": "C:/Users/shidlovskiyaf/YandexDisk/Аркадий/Карта офисов ит КРТ/Геоданные/Business_okrug.shp" }, "geometry": { "type": "MultiPolygon", "coordinates": [ [ [ [ 37.370706631350814, 55.788065079579958 ], [ 37.370808628564475, 55.788125318957924 ], [ 37.361889473981691, 55.785239069280813 ], [ 37.35963865807782, 55.784090187414655 ], [ 37.360699700140067, 55.783139000203633 ], [ 37.359542593187179, 55.782646155824992 ], [ 37.359631700285284, 55.782332299785409 ], [ 37.358439552015788, 55.781542006509227 ], [ 37.358294199557086, 55.781799499777925 ], [ 37.352231899997584, 55.778027199943693 ], [ 37.352231899997584, 55.778027199943693 ], [ 37.352452899930512, 55.777815600048136 ], [ 37.352389999894314, 55.777510000071857 ], [ 37.352439499761438, 55.773762399984804 ], [ 37.350908932921683, 55.77304968188168 ], [ 37.348753650281836, 55.77090077762832 ], [ 37.348925190215361, 55.770549754457804 ], [ 37.348579678740641, 55.77007400848106 ], [ 37.347848845416934, 55.77006418595689 ], [ 37.347067100051909, 55.769551199755604 ], [ 37.345003700387025, 55.769733600232541 ], [ 37.34477158444259, 55.768727242817704 ], [ 37.338636603278573, 55.769292229907791 ], [ 37.340370175261249, 55.770287305714113 ], [ 37.339254300210648, 55.77059880015122 ], [ 37.339516099827144, 55.770717700105862 ], [ 37.338658387138743, 55.771235831096647 ], [ 37.336936919883399, 55.771183104622281 ], [ 37.332522928798369, 55.771800509758016 ], [ 37.33195860029133, 55.771375300145813 ], [ 37.332111199803592, 55.768688999764699 ], [ 37.332668669195968, 55.768386974361533 ], [ 37.33242777341966, 55.767912600527801 ], [ 37.330914001030024, 55.767892050668358 ], [ 37.32984298919817, 55.767288618102661 ], [ 37.320702300149527, 55.766820700049777 ], [ 37.318936900410478, 55.769506499757014 ], [ 37.327446299737126, 55.770566899792662 ], [ 37.328891301403374, 55.77122119000925 ], [ 37.330870014825102, 55.773809713578437 ], [ 37.331143011290685, 55.774755630813836 ], [ 37.333402493947574, 55.775669611327714 ], [ 37.33475419967634, 55.776553599942098 ], [ 37.33904003047568, 55.779455870068197 ], [ 37.340603651646951, 55.780772524901252 ], [ 37.342964392860942, 55.781776023477249 ], [ 37.346237776034833, 55.783439524384427 ], [ 37.347786945227092, 55.783872571814371 ], [ 37.348475704548221, 55.784882920998612 ], [ 37.34957482167173, 55.786075439590661 ], [ 37.350057252543728, 55.787024120831603 ], [ 37.35024372535932, 55.790029901036135 ], [ 37.349878089952668, 55.791261637062945 ], [ 37.349047259961317, 55.793605993208345 ], [ 37.347432884841261, 55.794703170896327 ], [ 37.346793592973164, 55.794989014798489 ], [ 37.345845865902568, 55.795152930337828 ], [ 37.342768693519538, 55.796230357624111 ], [ 37.340756148432256, 55.796850978933783 ], [ 37.338116674580782, 55.79746309495868 ], [ 37.335912607680477, 55.7976688337966 ], [ 37.334098787462779, 55.798527588415602 ], [ 37.33395660624452, 55.799408980018548 ], [ 37.33483916924974, 55.800775356998116 ], [ 37.336149794644442, 55.801911969031288 ], [ 37.336104199563408, 55.802065799843298 ], [ 37.337992989192493, 55.802820215125791 ], [ 37.340560218761709, 55.803914869955833 ], [ 37.343222090741385, 55.805246296114674 ], [ 37.347375799811097, 55.806561900131243 ], [ 37.34808617402696, 55.806430605159584 ], [ 37.349877650821348, 55.80610133369261 ], [ 37.351572059850923, 55.80559407216721 ], [ 37.354209397423766, 55.805040524525047 ], [ 37.358020908378279, 55.803913730527491 ], [ 37.359184705654059, 55.80110266289001 ], [ 37.354470109225048, 55.798860812734496 ], [ 37.354323212152217, 55.797386654968243 ], [ 37.353290851687341, 55.797078393703622 ], [ 37.349450097648386, 55.796438014032873 ], [ 37.348932702192535, 55.796313291335203 ], [ 37.35106200199828, 55.795399664613349 ], [ 37.356384816577787, 55.793115433203731 ], [ 37.364636854056343, 55.790752201009667 ], [ 37.367264699627498, 55.790358900094205 ], [ 37.36906849612884, 55.789751097272919 ], [ 37.370706631350814, 55.788065079579958 ] ] ] ] } },
{ "type": "Feature", "properties": { "fid": 27, "description": null, "fill": null, "fill-opacity": null, "iconCaption": null, "marker-color": null, "stroke": null, "stroke-width": null, "stroke-opacity": null, "Name": "Северо-Восток", "main": "3", "id": 1, "auxiliary_storage_labeling_labelrotation": null, "auxiliary_storage_labeling_family": null, "auxiliary_storage_labeling_fontstyle": null, "auxiliary_storage_labeling_size": null, "auxiliary_storage_labeling_bold": null, "auxiliary_storage_labeling_italic": null, "auxiliary_storage_labeling_underline": null, "auxiliary_storage_labeling_color": null, "auxiliary_storage_labeling_strikeout": null, "auxiliary_storage_labeling_multilinealignment": null, "auxiliary_storage_labeling_buffersize": null, "auxiliary_storage_labeling_buffercolor": null, "auxiliary_storage_labeling_bufferdraw": null, "auxiliary_storage_labeling_labeldistance": null, "auxiliary_storage_labeling_hali": null, "auxiliary_storage_labeling_vali": null, "auxiliary_storage_labeling_scalevisibility": null, "auxiliary_storage_labeling_minscale": null, "auxiliary_storage_labeling_maxscale": null, "auxiliary_storage_labeling_alwaysshow": null, "auxiliary_storage_labeling_calloutdraw": null, "auxiliary_storage_labeling_labelallparts": null, "layer": "Деловые районы", "path": "C:/Users/shidlovskiyaf/YandexDisk/Аркадий/Карта офисов ит КРТ/Геоданные/Business_okrug.shp" }, "geometry": { "type": "MultiPolygon", "coordinates": [ [ [ [ 37.604934145154502, 55.772806451210371 ], [ 37.602893233600504, 55.776698154135609 ], [ 37.596245638292423, 55.784498793159635 ], [ 37.589278081777074, 55.791922562749889 ], [ 37.588451198457484, 55.791913072023455 ], [ 37.584542777926416, 55.794757694433038 ], [ 37.583099163821089, 55.80261743607344 ], [ 37.582572194150544, 55.805733944748901 ], [ 37.580810612414446, 55.808058949228403 ], [ 37.573134480093117, 55.83072195098093 ], [ 37.57648856566135, 55.834675676280114 ], [ 37.577340162341365, 55.83573415175605 ], [ 37.57854820022925, 55.837587700192152 ], [ 37.578621667240839, 55.83919777139181 ], [ 37.577734254472624, 55.84081870736825 ], [ 37.576250172894213, 55.842898788412256 ], [ 37.574621752357409, 55.846654976452662 ], [ 37.572450027340025, 55.85166318755067 ], [ 37.572563549513184, 55.85534633297199 ], [ 37.574191921022887, 55.858394561568986 ], [ 37.575080871220457, 55.85901072780895 ], [ 37.574924093149185, 55.861595509683909 ], [ 37.571545239966206, 55.869549153208219 ], [ 37.56820812870032, 55.87745658316345 ], [ 37.5677780417682, 55.887448406291547 ], [ 37.567056100410142, 55.890163199848928 ], [ 37.566217739532178, 55.891531503056896 ], [ 37.565444144097874, 55.892268174763323 ], [ 37.564650653599443, 55.892981307169585 ], [ 37.561468522131968, 55.894365627153917 ], [ 37.554898036026771, 55.897084998290389 ], [ 37.540074879490227, 55.903062033370837 ], [ 37.537605784700496, 55.906947581354913 ], [ 37.574463642490322, 55.91092175433576 ], [ 37.577947163416987, 55.910962028831186 ], [ 37.585940050949411, 55.910215176939559 ], [ 37.594983599699276, 55.908454799818912 ], [ 37.604198444026324, 55.905483365421865 ], [ 37.617599940634832, 55.901906162005517 ], [ 37.645615004087261, 55.897836658892437 ], [ 37.667919534821216, 55.895656549272452 ], [ 37.683876495165791, 55.894709645368785 ], [ 37.700183034961768, 55.893205117816557 ], [ 37.716930656721871, 55.888347536983886 ], [ 37.725373148827003, 55.883774821507103 ], [ 37.729768546293144, 55.881210421995213 ], [ 37.735814858156679, 55.878849249376081 ], [ 37.734193684209927, 55.877714091498845 ], [ 37.730565410420645, 55.877117479223173 ], [ 37.731081300039534, 55.875960000092732 ], [ 37.730626217854336, 55.875253940652989 ], [ 37.729999756939648, 55.874128979097641 ], [ 37.728029210475221, 55.873549382094303 ], [ 37.723400926780492, 55.873128634517464 ], [ 37.720086315124227, 55.87309421311393 ], [ 37.716188726816313, 55.870630201408083 ], [ 37.714912206288361, 55.869125543009048 ], [ 37.710340181095646, 55.867027131438007 ], [ 37.709045459168436, 55.866081471005074 ], [ 37.707750800017912, 55.865135797114206 ], [ 37.707125160568822, 55.864010721341138 ], [ 37.706487170576388, 55.863258347364791 ], [ 37.703573073783971, 55.861177090473952 ], [ 37.699646596022838, 55.85964432272452 ], [ 37.697358372536364, 55.858688033556106 ], [ 37.694082533135038, 55.857534806507942 ], [ 37.689819216248523, 55.856184563276706 ], [ 37.686225086676892, 55.854654898110937 ], [ 37.684931361296179, 55.853708987076445 ], [ 37.687919264748409, 55.853554463611786 ], [ 37.690257104191019, 55.853020113786485 ], [ 37.69161982047261, 55.85191610065754 ], [ 37.690663587818946, 55.850787419399964 ], [ 37.691994916402393, 55.850615160065274 ], [ 37.692382501488652, 55.848941514169724 ], [ 37.688126458020562, 55.847404863497694 ], [ 37.685864387016181, 55.845702957243738 ], [ 37.679997117237626, 55.842843869309704 ], [ 37.678379064774809, 55.841707985483069 ], [ 37.678123761956698, 55.83946821452755 ], [ 37.675512425581118, 55.838321614939765 ], [ 37.673200660421415, 55.838110286180509 ], [ 37.670551406989674, 55.838081686654419 ], [ 37.671499666694189, 55.829703057052427 ], [ 37.670337456669465, 55.824936799777483 ], [ 37.669089634392179, 55.822686267637224 ], [ 37.668042475739327, 55.819412584955437 ], [ 37.664214171476871, 55.815176615608436 ], [ 37.662009349162403, 55.81189029465984 ], [ 37.657205779127722, 55.807177427697823 ], [ 37.652896423644265, 55.802562988387379 ], [ 37.650894107089108, 55.79825335488313 ], [ 37.650705067110522, 55.794150017084519 ], [ 37.65070398178328, 55.789396264676057 ], [ 37.646190511321088, 55.790744807086725 ], [ 37.643975880136367, 55.79258461474052 ], [ 37.642818197266322, 55.792571840995151 ], [ 37.640681199209453, 55.792175390019693 ], [ 37.642231224924046, 55.790421513640979 ], [ 37.642127444072109, 55.788649363195532 ], [ 37.640976367408257, 55.788450222800748 ], [ 37.644895700090771, 55.779748299953063 ], [ 37.641890399782504, 55.779677000214349 ], [ 37.640971099853353, 55.77899340021964 ], [ 37.640097899667921, 55.777218999903553 ], [ 37.639399100208408, 55.77713630019003 ], [ 37.637354799624781, 55.772267800106206 ], [ 37.635572001386436, 55.77268431376212 ], [ 37.631931680241017, 55.773291586250842 ], [ 37.624664291615588, 55.773681281885771 ], [ 37.618916765171853, 55.773710048227116 ], [ 37.611698084557503, 55.773255881184618 ], [ 37.604892820935824, 55.77280598217471 ], [ 37.604934145154502, 55.772806451210371 ] ] ] ] } },
{ "type": "Feature", "properties": { "fid": 28, "description": null, "fill": null, "fill-opacity": null, "iconCaption": null, "marker-color": null, "stroke": null, "stroke-width": null, "stroke-opacity": null, "Name": "Восток", "main": "3", "id": 1, "auxiliary_storage_labeling_labelrotation": null, "auxiliary_storage_labeling_family": null, "auxiliary_storage_labeling_fontstyle": null, "auxiliary_storage_labeling_size": null, "auxiliary_storage_labeling_bold": null, "auxiliary_storage_labeling_italic": null, "auxiliary_storage_labeling_underline": null, "auxiliary_storage_labeling_color": null, "auxiliary_storage_labeling_strikeout": null, "auxiliary_storage_labeling_multilinealignment": null, "auxiliary_storage_labeling_buffersize": null, "auxiliary_storage_labeling_buffercolor": null, "auxiliary_storage_labeling_bufferdraw": null, "auxiliary_storage_labeling_labeldistance": null, "auxiliary_storage_labeling_hali": null, "auxiliary_storage_labeling_vali": null, "auxiliary_storage_labeling_scalevisibility": null, "auxiliary_storage_labeling_minscale": null, "auxiliary_storage_labeling_maxscale": null, "auxiliary_storage_labeling_alwaysshow": null, "auxiliary_storage_labeling_calloutdraw": null, "auxiliary_storage_labeling_labelallparts": null, "layer": "Деловые районы", "path": "C:/Users/shidlovskiyaf/YandexDisk/Аркадий/Карта офисов ит КРТ/Геоданные/Business_okrug.shp" }, "geometry": { "type": "MultiPolygon", "coordinates": [ [ [ [ 37.736905927625543, 55.878120609542087 ], [ 37.833217059565818, 55.829112037230523 ], [ 37.84222428260415, 55.815775237447603 ], [ 37.843197177966161, 55.782975186186263 ], [ 37.843638737928245, 55.768066010033778 ], [ 37.845577856892803, 55.747205522068754 ], [ 37.842505523362711, 55.739347080176415 ], [ 37.842109702922158, 55.730395293449611 ], [ 37.839732895526829, 55.721424795830288 ], [ 37.839975971172159, 55.713224681095618 ], [ 37.839448339197617, 55.70874564963114 ], [ 37.838821338983813, 55.707621210691642 ], [ 37.769323845648167, 55.733788926368419 ], [ 37.764605670038286, 55.736724287706501 ], [ 37.753977499814006, 55.738048000203342 ], [ 37.750637458911314, 55.739565756492667 ], [ 37.747286379705415, 55.741022994736689 ], [ 37.744583795814094, 55.742859610599631 ], [ 37.74190494527182, 55.743950730507322 ], [ 37.739225945626401, 55.745041791104931 ], [ 37.737231646687093, 55.745394151837395 ], [ 37.737219607804867, 55.745766868471875 ], [ 37.736484200247808, 55.745855599961239 ], [ 37.726171728849195, 55.748845279931622 ], [ 37.723080459478254, 55.749885112288865 ], [ 37.720839799724729, 55.750977299755498 ], [ 37.719611899749339, 55.751979300119068 ], [ 37.718927512742511, 55.753057639303286 ], [ 37.718324794168886, 55.753797036246695 ], [ 37.718054035299474, 55.754493288611734 ], [ 37.717697594257821, 55.755281856522103 ], [ 37.717498727446404, 55.75630509346302 ], [ 37.718340286637762, 55.7583644970113 ], [ 37.719100834181504, 55.760376444257275 ], [ 37.720074032684941, 55.760945844253612 ], [ 37.720761239199135, 55.762677385644679 ], [ 37.720952698007636, 55.764403764163973 ], [ 37.721003301837221, 55.765382996037388 ], [ 37.720879477245042, 55.766640042534711 ], [ 37.719269617145954, 55.76783500798286 ], [ 37.714929078707335, 55.77412798338451 ], [ 37.71330644498461, 55.775695578423722 ], [ 37.711939348859936, 55.777032805372407 ], [ 37.711339196681401, 55.77767898503469 ], [ 37.710307240189188, 55.778879892077128 ], [ 37.708445464072085, 55.780165284891929 ], [ 37.707190025333681, 55.780618138195123 ], [ 37.705069399703291, 55.781042699998352 ], [ 37.702939890572111, 55.781598678064547 ], [ 37.701243599773989, 55.781850499952213 ], [ 37.699123087084189, 55.781977792858136 ], [ 37.696061149316321, 55.782038563254375 ], [ 37.69399437380055, 55.782016623682985 ], [ 37.690854442742086, 55.781936620554262 ], [ 37.689279008095362, 55.782059648427385 ], [ 37.687287075329202, 55.782271419591808 ], [ 37.684541657823161, 55.782754728924218 ], [ 37.65131760825318, 55.789292310030589 ], [ 37.650544431949193, 55.797299935633411 ], [ 37.651624979118793, 55.799548841639655 ], [ 37.652673468965624, 55.802729489574283 ], [ 37.65459110882216, 55.804707903719823 ], [ 37.657453498493915, 55.808094758190776 ], [ 37.659202979579874, 55.810164470123688 ], [ 37.661945452138177, 55.812244963161284 ], [ 37.663227673340536, 55.813470638561988 ], [ 37.664013539385778, 55.814690909085286 ], [ 37.665117661613664, 55.816287468895332 ], [ 37.666543297320068, 55.818167134045908 ], [ 37.667488488997598, 55.81957552746919 ], [ 37.668102737454511, 55.820980329720904 ], [ 37.668726575719241, 55.822105602416798 ], [ 37.669675119762317, 55.823420803566762 ], [ 37.671059931905852, 55.826511697629606 ], [ 37.672282592267585, 55.829507613547193 ], [ 37.67225719606661, 55.830253017408559 ], [ 37.671878473047144, 55.831647075163467 ], [ 37.670633792212698, 55.83415029354876 ], [ 37.670417358880542, 55.835639309774365 ], [ 37.670032153268473, 55.837219710655141 ], [ 37.669837947716672, 55.838056498068923 ], [ 37.672324795714843, 55.837990150827864 ], [ 37.675512425581118, 55.838321614939765 ], [ 37.677435578098027, 55.838697665418032 ], [ 37.678403778663977, 55.839453746008779 ], [ 37.678872093347103, 55.840297661363095 ], [ 37.679006084779353, 55.841231195061312 ], [ 37.679315155813413, 55.841886979488329 ], [ 37.679474433314176, 55.842075108054374 ], [ 37.679789834859356, 55.842544540147031 ], [ 37.682407883560032, 55.843504698882953 ], [ 37.684516655153132, 55.844832194545646 ], [ 37.685641322522592, 55.845869516528467 ], [ 37.688078429405536, 55.847293665402432 ], [ 37.690320100292126, 55.848005399930223 ], [ 37.691678218390003, 55.848636923421068 ], [ 37.692325072435004, 55.849109845521966 ], [ 37.692315685836043, 55.849389373335825 ], [ 37.692450027651908, 55.850322892763707 ], [ 37.691994916402393, 55.850615160065274 ], [ 37.690768649984946, 55.851050688124097 ], [ 37.691246764133858, 55.851615029264565 ], [ 37.691718630736887, 55.852365720303744 ], [ 37.690543481456402, 55.852819266507915 ], [ 37.689362032050688, 55.853459152853027 ], [ 37.688358746930035, 55.853728090471137 ], [ 37.687696163485484, 55.85372102623554 ], [ 37.686370997484119, 55.853706887065066 ], [ 37.685380269752436, 55.853603097712984 ], [ 37.685702124472662, 55.853886163374881 ], [ 37.686875099805093, 55.854516699829276 ], [ 37.6892961627643, 55.855415843553537 ], [ 37.691246415570781, 55.85655510968914 ], [ 37.692384115735344, 55.857219667490583 ], [ 37.694509589291677, 55.85808111514995 ], [ 37.696985207466618, 55.858386979352829 ], [ 37.699435961588996, 55.859438202348542 ], [ 37.701242799238258, 55.859923328440331 ], [ 37.703046577729708, 55.860501604349444 ], [ 37.704350273916454, 55.861167798524924 ], [ 37.705463542046346, 55.862577646237213 ], [ 37.705773223725465, 55.863233364927119 ], [ 37.706748773075141, 55.863802872647661 ], [ 37.707055390506142, 55.86455176437714 ], [ 37.70801861888468, 55.865493967157505 ], [ 37.709307115918023, 55.866625990869252 ], [ 37.710601862159535, 55.867571648585567 ], [ 37.712562595522968, 55.868431051599302 ], [ 37.714535727787727, 55.868917717862288 ], [ 37.71568648830695, 55.869209356708026 ], [ 37.715827602321788, 55.869956497693316 ], [ 37.716468955055525, 55.870615647337026 ], [ 37.717764007769418, 55.87156123057995 ], [ 37.718414626739801, 55.871940840600217 ], [ 37.719227918299971, 55.872415348342543 ], [ 37.720698020553129, 55.873083095653477 ], [ 37.722189594835193, 55.87309858891382 ], [ 37.725835671446376, 55.873136385260516 ], [ 37.728978474988004, 55.873355294502794 ], [ 37.730838802763692, 55.874772614664117 ], [ 37.731388503428235, 55.875710364025188 ], [ 37.731459221540362, 55.876083925923282 ], [ 37.731284361532445, 55.876361748620305 ], [ 37.730847200471942, 55.877056304170445 ], [ 37.732497091274887, 55.877306324405481 ], [ 37.732906911735519, 55.877450355892137 ], [ 37.733895345514689, 55.877646942700345 ], [ 37.734635162032028, 55.877840966149513 ], [ 37.735130901933168, 55.877892665107247 ], [ 37.735924841222918, 55.878972714530128 ], [ 37.736905927625543, 55.878120609542087 ] ] ] ] } },
{ "type": "Feature", "properties": { "fid": 29, "description": null, "fill": null, "fill-opacity": null, "iconCaption": null, "marker-color": null, "stroke": null, "stroke-width": null, "stroke-opacity": null, "Name": "Южный Порт", "main": "3", "id": null, "auxiliary_storage_labeling_labelrotation": null, "auxiliary_storage_labeling_family": null, "auxiliary_storage_labeling_fontstyle": null, "auxiliary_storage_labeling_size": null, "auxiliary_storage_labeling_bold": null, "auxiliary_storage_labeling_italic": null, "auxiliary_storage_labeling_underline": null, "auxiliary_storage_labeling_color": null, "auxiliary_storage_labeling_strikeout": null, "auxiliary_storage_labeling_multilinealignment": null, "auxiliary_storage_labeling_buffersize": null, "auxiliary_storage_labeling_buffercolor": null, "auxiliary_storage_labeling_bufferdraw": null, "auxiliary_storage_labeling_labeldistance": null, "auxiliary_storage_labeling_hali": null, "auxiliary_storage_labeling_vali": null, "auxiliary_storage_labeling_scalevisibility": null, "auxiliary_storage_labeling_minscale": null, "auxiliary_storage_labeling_maxscale": null, "auxiliary_storage_labeling_alwaysshow": null, "auxiliary_storage_labeling_calloutdraw": null, "auxiliary_storage_labeling_labelallparts": null, "layer": null, "path": null }, "geometry": { "type": "MultiPolygon", "coordinates": [ [ [ [ 37.668427716155065, 55.701814968042214 ], [ 37.668831607656784, 55.707088408643507 ], [ 37.670065142550612, 55.70940698632743 ], [ 37.674581102928194, 55.709538137270201 ], [ 37.679784300062117, 55.710911444968445 ], [ 37.686269478362192, 55.713203866255441 ], [ 37.692334548456301, 55.714997495684223 ], [ 37.6968320590762, 55.715703927896072 ], [ 37.706427082354004, 55.71662864504701 ], [ 37.711125047396415, 55.715690093641093 ], [ 37.712750410166024, 55.715048512100253 ], [ 37.717043050281532, 55.713117546381284 ], [ 37.721764531718598, 55.711437881620384 ], [ 37.724571826341261, 55.710314471010641 ], [ 37.725915920928742, 55.709340482385521 ], [ 37.726536476679215, 55.708194321934883 ], [ 37.726738450457162, 55.706467520593371 ], [ 37.726360075601285, 55.704652372441672 ], [ 37.725531107565033, 55.703244188895532 ], [ 37.72455645768914, 55.701834486059433 ], [ 37.724138005759954, 55.701253839799229 ], [ 37.723568464602302, 55.700836278501079 ], [ 37.723462969344304, 55.699600254514479 ], [ 37.724356129518469, 55.699033236978252 ], [ 37.726142372202062, 55.697899181887102 ], [ 37.726738655281451, 55.697493724011863 ], [ 37.727099649389842, 55.695356925907291 ], [ 37.726999404181669, 55.693956301811987 ], [ 37.723669494351249, 55.693263104111949 ], [ 37.721799450391167, 55.692502693216127 ], [ 37.720242394350073, 55.691086886956818 ], [ 37.719686489697921, 55.690257804780657 ], [ 37.71868275864967, 55.689753361768012 ], [ 37.718245672216788, 55.689748799470912 ], [ 37.717349943420402, 55.690398074539623 ], [ 37.714554682604508, 55.691192127870835 ], [ 37.713364750642604, 55.691920622434196 ], [ 37.71246077602197, 55.692816762072681 ], [ 37.711413757416203, 55.693629065305267 ], [ 37.710377533840678, 55.694112158255628 ], [ 37.709144038434815, 55.696157414432562 ], [ 37.707932134017106, 55.697544255869019 ], [ 37.707187214846314, 55.698030387349505 ], [ 37.706450432089767, 55.698269613953798 ], [ 37.704982282550084, 55.698583453689793 ], [ 37.703219927320092, 55.698976498020741 ], [ 37.701905639725297, 55.699044939764427 ], [ 37.697005622238471, 55.69734646469248 ], [ 37.687613224671004, 55.699222330484787 ], [ 37.68282078598444, 55.698677041666386 ], [ 37.681500934734203, 55.698909863450595 ], [ 37.679435776312523, 55.699628632062137 ], [ 37.677981255666225, 55.699530651756511 ], [ 37.67682098137832, 55.699353496224283 ], [ 37.675215181602653, 55.699418510939111 ], [ 37.674593270944634, 55.700564406646585 ], [ 37.67369657341078, 55.701213357165159 ], [ 37.672522320064097, 55.701447655652927 ], [ 37.671053785583858, 55.701761087576358 ], [ 37.669447878640675, 55.701826026299031 ], [ 37.669156403572302, 55.701822867661612 ], [ 37.668573453609511, 55.701816548311918 ], [ 37.668427716155065, 55.701814968042214 ] ] ] ] } },
{ "type": "Feature", "properties": { "fid": 30, "description": null, "fill": null, "fill-opacity": null, "iconCaption": null, "marker-color": null, "stroke": null, "stroke-width": null, "stroke-opacity": null, "Name": "Юг", "main": "3", "id": null, "auxiliary_storage_labeling_labelrotation": null, "auxiliary_storage_labeling_family": null, "auxiliary_storage_labeling_fontstyle": null, "auxiliary_storage_labeling_size": null, "auxiliary_storage_labeling_bold": null, "auxiliary_storage_labeling_italic": null, "auxiliary_storage_labeling_underline": null, "auxiliary_storage_labeling_color": null, "auxiliary_storage_labeling_strikeout": null, "auxiliary_storage_labeling_multilinealignment": null, "auxiliary_storage_labeling_buffersize": null, "auxiliary_storage_labeling_buffercolor": null, "auxiliary_storage_labeling_bufferdraw": null, "auxiliary_storage_labeling_labeldistance": null, "auxiliary_storage_labeling_hali": null, "auxiliary_storage_labeling_vali": null, "auxiliary_storage_labeling_scalevisibility": null, "auxiliary_storage_labeling_minscale": null, "auxiliary_storage_labeling_maxscale": null, "auxiliary_storage_labeling_alwaysshow": null, "auxiliary_storage_labeling_calloutdraw": null, "auxiliary_storage_labeling_labelallparts": null, "layer": null, "path": null }, "geometry": { "type": "MultiPolygon", "coordinates": [ [ [ [ 37.614664188304928, 55.729706235708335 ], [ 37.605964011397958, 55.71182460382802 ], [ 37.598466449104095, 55.709434031869705 ], [ 37.596847099834207, 55.705793022528503 ], [ 37.595740150981044, 55.704133769228214 ], [ 37.592919958232144, 55.701466924186597 ], [ 37.596618072956183, 55.695910801163876 ], [ 37.601398384334736, 55.692672143827764 ], [ 37.604988959408828, 55.690078431321403 ], [ 37.605595153557751, 55.689426677227246 ], [ 37.604675859779157, 55.682500502567024 ], [ 37.615210077926726, 55.681302504321344 ], [ 37.615221710364409, 55.680973315347529 ], [ 37.611434915884644, 55.672697524626791 ], [ 37.607521102987313, 55.668042690534946 ], [ 37.611260553884158, 55.661169312902352 ], [ 37.610282527267906, 55.655889096230638 ], [ 37.60762832563055, 55.648613924386794 ], [ 37.606627697035151, 55.643992052077664 ], [ 37.604428167332074, 55.640344503751763 ], [ 37.599795493914094, 55.639633074088465 ], [ 37.594498477845967, 55.641219122771624 ], [ 37.583392393070923, 55.642408687231359 ], [ 37.579401483994388, 55.640057274644263 ], [ 37.579699279343203, 55.631827614820345 ], [ 37.57992550078518, 55.625573065213594 ], [ 37.580638173083273, 55.621958740128242 ], [ 37.577896329817285, 55.617316428357931 ], [ 37.575214814529851, 55.611028120049077 ], [ 37.576082695203169, 55.603134376833388 ], [ 37.577531547096335, 55.595247361435234 ], [ 37.578362860186083, 55.588341144053061 ], [ 37.577426622063363, 55.582073071254548 ], [ 37.572908788222016, 55.578397959491525 ], [ 37.608460935323322, 55.575842756479389 ], [ 37.625950560043236, 55.574393424546251 ], [ 37.644601002662291, 55.572954445292005 ], [ 37.660914856024938, 55.571816455131021 ], [ 37.669641326602608, 55.571582153580003 ], [ 37.67832347493885, 55.572664044011759 ], [ 37.682379720184059, 55.573037034955405 ], [ 37.689878506634905, 55.57476402108324 ], [ 37.705383363312841, 55.580527209743202 ], [ 37.714003926780848, 55.583581826741465 ], [ 37.727222604666864, 55.588330246965782 ], [ 37.739894785533245, 55.592083649422314 ], [ 37.761165891779953, 55.599874713577947 ], [ 37.772018234053796, 55.606240887046759 ], [ 37.778802535643507, 55.612565637392713 ], [ 37.78569077948702, 55.615597869606958 ], [ 37.790212563193521, 55.619923650651835 ], [ 37.787672135411029, 55.626814183497011 ], [ 37.785631298131406, 55.636344123021857 ], [ 37.78416138141889, 55.646208991960336 ], [ 37.784049166966263, 55.649830332797791 ], [ 37.777114043527327, 55.648114845408152 ], [ 37.768984249743895, 55.647374926665009 ], [ 37.757455685529493, 55.643636260576478 ], [ 37.739600815420296, 55.637526456774452 ], [ 37.731431402010401, 55.638100892786014 ], [ 37.720351637724193, 55.638644465826815 ], [ 37.711588893553305, 55.639540710995952 ], [ 37.703396929480149, 55.640771683562278 ], [ 37.694051279296808, 55.641660519143457 ], [ 37.688735737482162, 55.643909055554111 ], [ 37.683408542868328, 55.646486557903181 ], [ 37.678044900412431, 55.649944000142796 ], [ 37.675640860269539, 55.652330703806278 ], [ 37.673805184754052, 55.654945428266579 ], [ 37.67241784576489, 55.661516798104579 ], [ 37.671701692955708, 55.665460868734087 ], [ 37.673875465285711, 55.670094826984894 ], [ 37.678490921847427, 55.671461876842471 ], [ 37.683117760960926, 55.672499555821524 ], [ 37.68428279603561, 55.67251204938583 ], [ 37.690052982691668, 55.674220348972263 ], [ 37.694658533353916, 55.675915994790806 ], [ 37.698670957018457, 55.677934495040333 ], [ 37.699726945191813, 55.681238846311935 ], [ 37.69550593411342, 55.685475175089245 ], [ 37.691888764497165, 55.689059164212146 ], [ 37.687710168297336, 55.691978417093218 ], [ 37.684751919447976, 55.693264027738721 ], [ 37.681804555593736, 55.694220368580787 ], [ 37.67885704856495, 55.695176637802838 ], [ 37.675281994300072, 55.697443333719193 ], [ 37.671606024634634, 55.702672682817912 ], [ 37.668534495734519, 55.70724984576691 ], [ 37.667772227870536, 55.712510636676548 ], [ 37.666516291222493, 55.715131534197205 ], [ 37.664105048696392, 55.717410542419863 ], [ 37.662265484937265, 55.720025047700034 ], [ 37.661671006851464, 55.720347887500928 ], [ 37.657005220767886, 55.720296959894213 ], [ 37.652362123685108, 55.719587471165219 ], [ 37.648965150171456, 55.716586302782204 ], [ 37.641395451346852, 55.716173484315789 ], [ 37.628508371997825, 55.717676840912404 ], [ 37.627318926437368, 55.718322188475774 ], [ 37.626083211202527, 55.720284277868814 ], [ 37.626013858323354, 55.722259407717246 ], [ 37.619586574347665, 55.722516660228557 ], [ 37.613217547800083, 55.721127643515061 ], [ 37.611456195158226, 55.721437062438646 ], [ 37.614664188304928, 55.729706235708335 ] ] ] ] } },
{ "type": "Feature", "properties": { "fid": 31, "description": null, "fill": null, "fill-opacity": null, "iconCaption": null, "marker-color": null, "stroke": null, "stroke-width": null, "stroke-opacity": null, "Name": "Лефортово", "main": "0", "id": null, "auxiliary_storage_labeling_labelrotation": null, "auxiliary_storage_labeling_family": null, "auxiliary_storage_labeling_fontstyle": null, "auxiliary_storage_labeling_size": null, "auxiliary_storage_labeling_bold": null, "auxiliary_storage_labeling_italic": null, "auxiliary_storage_labeling_underline": null, "auxiliary_storage_labeling_color": null, "auxiliary_storage_labeling_strikeout": null, "auxiliary_storage_labeling_multilinealignment": null, "auxiliary_storage_labeling_buffersize": null, "auxiliary_storage_labeling_buffercolor": null, "auxiliary_storage_labeling_bufferdraw": null, "auxiliary_storage_labeling_labeldistance": null, "auxiliary_storage_labeling_hali": null, "auxiliary_storage_labeling_vali": null, "auxiliary_storage_labeling_scalevisibility": null, "auxiliary_storage_labeling_minscale": null, "auxiliary_storage_labeling_maxscale": null, "auxiliary_storage_labeling_alwaysshow": null, "auxiliary_storage_labeling_calloutdraw": null, "auxiliary_storage_labeling_labelallparts": null, "layer": null, "path": null }, "geometry": { "type": "MultiPolygon", "coordinates": [ [ [ [ 37.6711801076084, 55.750867522485827 ], [ 37.673796535643227, 55.753115376108532 ], [ 37.671606792703138, 55.756596334806055 ], [ 37.671563124536668, 55.757880886296675 ], [ 37.67153136364854, 55.758815105378559 ], [ 37.673176242576439, 55.759183336369489 ], [ 37.674211737115101, 55.759194511827843 ], [ 37.678154523998472, 55.759003343660098 ], [ 37.680424719644492, 55.7592613814139 ], [ 37.681802500245219, 55.759312300029471 ], [ 37.684159299563362, 55.760274100082775 ], [ 37.686121430700268, 55.762359738394359 ], [ 37.686070375259099, 55.763877852112671 ], [ 37.686621082954147, 55.765986497079659 ], [ 37.689466141729454, 55.767652344621879 ], [ 37.692714026010435, 55.769672868826284 ], [ 37.697215247876606, 55.766733401354358 ], [ 37.713524600075488, 55.775255899784199 ], [ 37.715186646360443, 55.773180773407013 ], [ 37.717979612672607, 55.770172634440755 ], [ 37.718658560138188, 55.768427424679651 ], [ 37.720603248879065, 55.765994477306549 ], [ 37.720257832245871, 55.76388813281163 ], [ 37.719855500396505, 55.760943299921898 ], [ 37.717392446894308, 55.756498635273815 ], [ 37.718312721256162, 55.75370456723055 ], [ 37.721104033359303, 55.750696340006229 ], [ 37.726537006906135, 55.749234110809908 ], [ 37.733257246755841, 55.746383087131015 ], [ 37.737853517368471, 55.745145372294608 ], [ 37.729016899651334, 55.733411199942879 ], [ 37.72187619077966, 55.733415051969381 ], [ 37.717660292594516, 55.735707516806123 ], [ 37.714825199808452, 55.737298199946402 ], [ 37.712301277398829, 55.741258821494263 ], [ 37.711618688860362, 55.743120784167097 ], [ 37.701436107292643, 55.744181787861208 ], [ 37.701291151723623, 55.742311134703463 ], [ 37.697150921391895, 55.742267301767185 ], [ 37.695912749479859, 55.74213734585399 ], [ 37.68960851745463, 55.744873956963303 ], [ 37.683490779020865, 55.748196348165791 ], [ 37.6711801076084, 55.750867522485827 ] ] ] ] } },
{ "type": "Feature", "properties": { "fid": 32, "description": null, "fill": null, "fill-opacity": null, "iconCaption": null, "marker-color": null, "stroke": null, "stroke-width": null, "stroke-opacity": null, "Name": "Щукино", "main": "0", "id": null, "auxiliary_storage_labeling_labelrotation": null, "auxiliary_storage_labeling_family": null, "auxiliary_storage_labeling_fontstyle": null, "auxiliary_storage_labeling_size": null, "auxiliary_storage_labeling_bold": null, "auxiliary_storage_labeling_italic": null, "auxiliary_storage_labeling_underline": null, "auxiliary_storage_labeling_color": null, "auxiliary_storage_labeling_strikeout": null, "auxiliary_storage_labeling_multilinealignment": null, "auxiliary_storage_labeling_buffersize": null, "auxiliary_storage_labeling_buffercolor": null, "auxiliary_storage_labeling_bufferdraw": null, "auxiliary_storage_labeling_labeldistance": null, "auxiliary_storage_labeling_hali": null, "auxiliary_storage_labeling_vali": null, "auxiliary_storage_labeling_scalevisibility": null, "auxiliary_storage_labeling_minscale": null, "auxiliary_storage_labeling_maxscale": null, "auxiliary_storage_labeling_alwaysshow": null, "auxiliary_storage_labeling_calloutdraw": null, "auxiliary_storage_labeling_labelallparts": null, "layer": null, "path": null }, "geometry": { "type": "MultiPolygon", "coordinates": [ [ [ [ 37.449091146883461, 55.813942358768728 ], [ 37.453056427001336, 55.819265780118336 ], [ 37.476538486394517, 55.814356701495157 ], [ 37.480421124068044, 55.815402418424142 ], [ 37.487547096701164, 55.81589467979137 ], [ 37.485947591527079, 55.819378778295665 ], [ 37.489494931766806, 55.822307859003814 ], [ 37.493615636977694, 55.824625543362558 ], [ 37.507460722470739, 55.807275487785645 ], [ 37.511018396540116, 55.805154523758922 ], [ 37.505347498337834, 55.800345321277689 ], [ 37.500517000204596, 55.797504092951556 ], [ 37.493854837429488, 55.794743296617455 ], [ 37.489936014064035, 55.792015858099234 ], [ 37.486554194332363, 55.789604060282251 ], [ 37.48456905638669, 55.788127148122321 ], [ 37.479559474754346, 55.788810650471753 ], [ 37.478168885859112, 55.788793444215457 ], [ 37.468280435178038, 55.789383270217044 ], [ 37.465583643937926, 55.790418590558822 ], [ 37.454867099984419, 55.791781800073757 ], [ 37.454851464946763, 55.793134710409092 ], [ 37.445960700099391, 55.793618700169262 ], [ 37.44742737448464, 55.804870917639356 ], [ 37.446088921299015, 55.806706859533378 ], [ 37.445823366197324, 55.810195409910783 ], [ 37.449211977914665, 55.814086409128826 ], [ 37.449091146883461, 55.813942358768728 ] ] ] ] } },
{ "type": "Feature", "properties": { "fid": 33, "description": null, "fill": null, "fill-opacity": null, "iconCaption": null, "marker-color": null, "stroke": null, "stroke-width": null, "stroke-opacity": null, "Name": "Сколково", "main": "3", "id": null, "auxiliary_storage_labeling_labelrotation": null, "auxiliary_storage_labeling_family": null, "auxiliary_storage_labeling_fontstyle": null, "auxiliary_storage_labeling_size": null, "auxiliary_storage_labeling_bold": null, "auxiliary_storage_labeling_italic": null, "auxiliary_storage_labeling_underline": null, "auxiliary_storage_labeling_color": null, "auxiliary_storage_labeling_strikeout": null, "auxiliary_storage_labeling_multilinealignment": null, "auxiliary_storage_labeling_buffersize": null, "auxiliary_storage_labeling_buffercolor": null, "auxiliary_storage_labeling_bufferdraw": null, "auxiliary_storage_labeling_labeldistance": null, "auxiliary_storage_labeling_hali": null, "auxiliary_storage_labeling_vali": null, "auxiliary_storage_labeling_scalevisibility": null, "auxiliary_storage_labeling_minscale": null, "auxiliary_storage_labeling_maxscale": null, "auxiliary_storage_labeling_alwaysshow": null, "auxiliary_storage_labeling_calloutdraw": null, "auxiliary_storage_labeling_labelallparts": null, "layer": null, "path": null }, "geometry": { "type": "MultiPolygon", "coordinates": [ [ [ [ 37.327029465869352, 55.682513323014838 ], [ 37.338784344123624, 55.694934834112395 ], [ 37.357821306885896, 55.706502219484854 ], [ 37.370305531125581, 55.709900326288619 ], [ 37.382122750508401, 55.713193308718033 ], [ 37.387045920103773, 55.712212497697223 ], [ 37.389139512510461, 55.710433989679899 ], [ 37.402913362656605, 55.698827464954064 ], [ 37.400276192892377, 55.697462404725414 ], [ 37.387847999007569, 55.692737333388706 ], [ 37.371916526235303, 55.683306985927032 ], [ 37.352823050035035, 55.677254021759765 ], [ 37.344601135502316, 55.676763196094115 ], [ 37.326849153560808, 55.682796025941165 ], [ 37.327029465869352, 55.682513323014838 ] ] ] ] } },
{ "type": "Feature", "properties": { "fid": 34, "description": null, "fill": null, "fill-opacity": null, "iconCaption": null, "marker-color": null, "stroke": null, "stroke-width": null, "stroke-opacity": null, "Name": "Новая Москва - Переделкино", "main": "3", "id": null, "auxiliary_storage_labeling_labelrotation": null, "auxiliary_storage_labeling_family": null, "auxiliary_storage_labeling_fontstyle": null, "auxiliary_storage_labeling_size": null, "auxiliary_storage_labeling_bold": null, "auxiliary_storage_labeling_italic": null, "auxiliary_storage_labeling_underline": null, "auxiliary_storage_labeling_color": null, "auxiliary_storage_labeling_strikeout": null, "auxiliary_storage_labeling_multilinealignment": null, "auxiliary_storage_labeling_buffersize": null, "auxiliary_storage_labeling_buffercolor": null, "auxiliary_storage_labeling_bufferdraw": null, "auxiliary_storage_labeling_labeldistance": null, "auxiliary_storage_labeling_hali": null, "auxiliary_storage_labeling_vali": null, "auxiliary_storage_labeling_scalevisibility": null, "auxiliary_storage_labeling_minscale": null, "auxiliary_storage_labeling_maxscale": null, "auxiliary_storage_labeling_alwaysshow": null, "auxiliary_storage_labeling_calloutdraw": null, "auxiliary_storage_labeling_labelallparts": null, "layer": null, "path": null }, "geometry": { "type": "MultiPolygon", "coordinates": [ [ [ [ 37.34227540008817, 55.660268699995704 ], [ 37.344114177462153, 55.66439968692778 ], [ 37.358193058320296, 55.669531614386401 ], [ 37.410552043540562, 55.676494314891237 ], [ 37.417948901762415, 55.680772165428301 ], [ 37.418514675392409, 55.67925862425696 ], [ 37.4132189501683, 55.677099133493257 ], [ 37.414787430777494, 55.676149490192131 ], [ 37.406603859568577, 55.670169674125731 ], [ 37.412040848746244, 55.668340038965823 ], [ 37.415579118666436, 55.664487683846467 ], [ 37.407264263568223, 55.662193846913844 ], [ 37.414566144797888, 55.658024749818154 ], [ 37.416924493894982, 55.654900261993227 ], [ 37.417013572845448, 55.652692955864978 ], [ 37.417115362217814, 55.650170319195198 ], [ 37.417471497873905, 55.641341081655952 ], [ 37.415597814182483, 55.63248305210881 ], [ 37.408441057476431, 55.630181939710937 ], [ 37.383489478405721, 55.626700689462446 ], [ 37.372900556729903, 55.626560680472224 ], [ 37.362816443361922, 55.627688487395687 ], [ 37.34482274910129, 55.631232982518718 ], [ 37.333434500760511, 55.636757772452434 ], [ 37.323796417848826, 55.640412451470119 ], [ 37.329297888507917, 55.655315943984974 ], [ 37.33240280997142, 55.661037148208834 ], [ 37.345072306629341, 55.664994630665269 ], [ 37.34227540008817, 55.660268699995704 ] ] ] ] } },
{ "type": "Feature", "properties": { "fid": 35, "description": null, "fill": null, "fill-opacity": null, "iconCaption": null, "marker-color": null, "stroke": null, "stroke-width": null, "stroke-opacity": null, "Name": "Марьина Роща", "main": "0", "id": null, "auxiliary_storage_labeling_labelrotation": null, "auxiliary_storage_labeling_family": null, "auxiliary_storage_labeling_fontstyle": null, "auxiliary_storage_labeling_size": null, "auxiliary_storage_labeling_bold": null, "auxiliary_storage_labeling_italic": null, "auxiliary_storage_labeling_underline": null, "auxiliary_storage_labeling_color": null, "auxiliary_storage_labeling_strikeout": null, "auxiliary_storage_labeling_multilinealignment": null, "auxiliary_storage_labeling_buffersize": null, "auxiliary_storage_labeling_buffercolor": null, "auxiliary_storage_labeling_bufferdraw": null, "auxiliary_storage_labeling_labeldistance": null, "auxiliary_storage_labeling_hali": null, "auxiliary_storage_labeling_vali": null, "auxiliary_storage_labeling_scalevisibility": null, "auxiliary_storage_labeling_minscale": null, "auxiliary_storage_labeling_maxscale": null, "auxiliary_storage_labeling_alwaysshow": null, "auxiliary_storage_labeling_calloutdraw": null, "auxiliary_storage_labeling_labelallparts": null, "layer": null, "path": null }, "geometry": { "type": "MultiPolygon", "coordinates": [ [ [ [ 37.610038766273085, 55.790010809935367 ], [ 37.606056060536979, 55.788225236622203 ], [ 37.606297227733883, 55.792409298642262 ], [ 37.604842838649631, 55.79211771605749 ], [ 37.604850011100446, 55.794648600495947 ], [ 37.608233377666885, 55.795622241704201 ], [ 37.606720771781447, 55.802427267239715 ], [ 37.606102874740209, 55.806051409862079 ], [ 37.601271717943249, 55.804566100640415 ], [ 37.599191551669264, 55.805367682787605 ], [ 37.59845664563683, 55.806789761407835 ], [ 37.596063945366872, 55.81385606169485 ], [ 37.600702890929021, 55.815875191183814 ], [ 37.593928948985436, 55.819202520639344 ], [ 37.59818713259989, 55.82087189839644 ], [ 37.617936184444162, 55.808440679558693 ], [ 37.617418487098803, 55.806509257222814 ], [ 37.615094405655618, 55.805932932791428 ], [ 37.617474449641023, 55.796661793289758 ], [ 37.616207265312376, 55.796592520983815 ], [ 37.617380339814453, 55.79104896573795 ], [ 37.610067631665942, 55.787995568672173 ], [ 37.610038766273085, 55.790010809935367 ] ] ] ] } }
]
}
